-- phpMyAdmin SQL Dump
-- version 5.2.1
-- https://www.phpmyadmin.net/
--
-- Host: 127.0.0.1
-- Generation Time: Apr 26, 2024 at 10:38 AM
-- Server version: 10.4.28-MariaDB
-- PHP Version: 8.2.4

SET SQL_MODE = "NO_AUTO_VALUE_ON_ZERO";
START TRANSACTION;
SET time_zone = "+00:00";


/*!40101 SET @OLD_CHARACTER_SET_CLIENT=@@CHARACTER_SET_CLIENT */;
/*!40101 SET @OLD_CHARACTER_SET_RESULTS=@@CHARACTER_SET_RESULTS */;
/*!40101 SET @OLD_COLLATION_CONNECTION=@@COLLATION_CONNECTION */;
/*!40101 SET NAMES utf8mb4 */;

--
-- Database: `hsappointment`
--

-- --------------------------------------------------------

--
-- Table structure for table `admins`
--

CREATE TABLE `admins` (
  `id` int(11) NOT NULL,
  `gmail` varchar(255) NOT NULL,
  `name` varchar(255) NOT NULL,
  `password` varchar(255) NOT NULL,
  `position` varchar(2555) NOT NULL
) ENGINE=InnoDB DEFAULT CHARSET=utf8 COLLATE=utf8_unicode_ci;

--
-- Dumping data for table `admins`
--

INSERT INTO `admins` (`id`, `gmail`, `name`, `password`, `position`) VALUES
(1, 'bobo@gmail.com', 'Bo Bo', '$2y$10$kNf4Pvgv7kyQdPcrQ/NHNuRBEYfojMCqSVFvkKRloj.wHeTJ4iqgW', 'BOSS'),
(2, 'poato@gmail.com', 'Ye Naing Oo', '$2y$10$350fF8M678EeNEhmAl6MQe3j9jVdne4cgdZleClCYTISwFeNF0CwK', 'BOSS'),
(3, 'hnin@gmail.com', 'Hnin', '$2y$10$uoqco7DWn9BxeVz1qIM0heQLk4L.Mf23erZWzm74BzpmHpAWjtDsS', 'Teacher');

-- --------------------------------------------------------

--
-- Table structure for table `appoiments`
--

CREATE TABLE `appoiments` (
  `id` int(11) NOT NULL,
  `patient_name` varchar(255) NOT NULL,
  `user_id` int(11) NOT NULL,
  `doctor_id` int(11) NOT NULL,
  `specialist_id` int(11) NOT NULL,
  `schedule` varchar(255) NOT NULL,
  `phone_number` int(11) NOT NULL,
  `accept` int(11) NOT NULL DEFAULT 0
) ENGINE=InnoDB DEFAULT CHARSET=utf8 COLLATE=utf8_unicode_ci;

-- --------------------------------------------------------

--
-- Table structure for table `blogs`
--

CREATE TABLE `blogs` (
  `id` int(11) NOT NULL,
  `title` varchar(255) NOT NULL,
  `content` text NOT NULL,
  `image` varchar(255) DEFAULT NULL
) ENGINE=InnoDB DEFAULT CHARSET=utf8 COLLATE=utf8_unicode_ci;

--
-- Dumping data for table `blogs`
--

INSERT INTO `blogs` (`id`, `title`, `content`, `image`) VALUES
(6, 'အိပ်စက်ခြင်းအကြောင်းသိကောင်းစရာ', 'လူ့ဘဝရဲ့ လေးပုံတစ်ပုံဟာ အိပ်စက်ခြင်းနဲ့ ကုန်ဆုံးရလေ့ရှိပါတယ်။ ဒီလို အရေးပါလွန်းတဲ့ အိပ်စက်ခြင်းအကြောင်းကို အာရှတော်ဝင်ဆေးရုံကြီးရဲ့ ဖေ့စ်ဘုတ်စာမျက်နှာကနေ တင်ဆက်ပေးဖို့ ရွေးချယ်ထားပါတယ်။\n\nကျွန်တော်တို့လူသားတွေဟာ အိပ်စက်ခြင်းကို ရှောင်လွှဲလို့ မရနိုင်ပါဘူး။ အထူးသဖြင့် ညဖက်မှာ လူတိုင်းနီးပါး အိပ်စက်အနားယူကြပါတယ်။ ကျွန်တော်တိုလူသားတွေဘာကြောင့် အိပ်စက်အနားယူရပါသလဲ….?\n\nအိပ်ရေးမဝခြင်းများ၊ အိပ်ရေး၀၀မအိပ်ရခြင်းများကြောင့် ရုပ်ပိုင်းဆိုင်ရာ အားနည်းခြင်းများဖြစ်လာတတ်ပါတယ်။ အထူးသဖြင့် အမျိုးသမီးများအတွက် အိပ်စက်ခြင်းက ကျန်းမာရေးနှင့်ညီညွှတ်သောကြောင့် အလွန်ပင်အရေးပါလှပါတယ်။ အိပ်ပျော်နေစဉ် ခန္ဓာကိုယ်ရဲ့ အစိတ်အပိုင်းအားလုံးကလည်း အားပြန်ယူပြီး သန့်စင်ပေးပါတယ်။ ကောင်းကောင်းအိပ်စက်ရတယ်ဆိုရင်တော့ ခန္ဓာကိုယ် လုပ်ဆောင်ချက်များအားလုံးက အခြေအနေအကောင်းမွန်ဆုံးပါပဲ။\n\nကောင်းကောင်းမအိပ်စက်ရဘူးဆိုရင် ခန္ဓာကိုယ်ဟာ လေးလံထိုင်းမှိုင်းပြီး မှန်ကန်စွာမတွေးတောနိုင်တော့ပါဘူး။ အိပ်ရေးပျက်ခြင်းကြောင့် နောက်ဆက်တွဲဖြစ်လာနိုင်တဲ့ အကျိုးဆက်များကတော့ နှလုံးရောဂါ၊ လေဖြတ်ခြင်း၊ ဆီးချိုရောဂါတို့ကို လွယ်ကူစွာဖြစ်နိုင်ပြီး အနည်းစုမှာတော့ အဝလွန်တတ်ပါတယ်။ အိပ်စက်ခြင်းက စိတ်ကိုကြည်လင်လန်းဆန်းစေတယ်၊ အင်အားသစ်တွေဖြစ်ထွန်းစေတယ်၊ ဦးနှောက်လုပ်ဆောင်နိုင်စွမ်းအတွက် လုံလုံလောက်လောက် အိပ်စက်အနားယူရပါမယ်။ လူတစ်ယောက်ဟာပုံမှန် အနည်းဆုံး ၆နာရီ ၈ နာရီ အိပ်စက်ဖို့လိုအပ်ပါတယ်။\n\nအိပ်စက်ခြင်းကို အဓိကဖြစ်စေတာ ဦးနှောက်ရဲ့ စေခိုင်းမှုကြောင့်ပါ။ ပုံမှန်အားဖြင့် လူတွေဟာညအချိန်မှာသာ ပိုပြီးအိပ်စက်တတ်ကြပါတယ်။ ညအချိန် အိပ်စက်ခြင်းကို တားဆီးပေးတဲ့ Blue Light ( 460-480nm ) လျော့နည်းသွားလို့ပါပဲ။ ဒါကြောင့်လူတွေဟာ Blue Light အလင်းရောင်ရှိတဲ့ မနက်အချိန်တွေမှာ မအိပ်ဘဲ အလင်းရောင် မရှိတဲ့ညအချိန်တွေမှာ အိပ်စက်ကြတာပါ။ ဒါ့ကြောင့် မိုးရွာတဲ့ရက်တွေ၊ နှင်းထူတဲ့ရက်တွေမှာ ရာသီအေးအေးလေးနဲ့ ကွေးကွေး အိပ်ချင်နေတာဟာ အလင်းရောင်အားနည်းတဲ့အခါ ပိုပြီးအိပ်ဖြစ်လာကြတာကတော့ လက်တွေ့ပါပဲ။\n\nအိပ်စက်ခြင်းက ကိုယ်ကျန်းမာရေး၊ စိတ်ကျန်းမာရေး နှစ်မျိုးလုံးကို ကောင်းစွာအထောက်အကူပြုပါတယ်။ အိပ်စက်ခြင်းကြောင့် မှတ်ဉာဏ်စွမ်းအား မြင့်မားစေခြင်း၊ အာရုံစူးစိုက်မူအားကောင်းစေခြင်း၊ စိတ်ကိုပိုမိုလန်းဆန်းစေခြင်း ၊မိမိကိုယ်ကို ယုံကြည်ချက်မြင့်မားစေခြင်း၊ အသားအရေကြည်လင်ပြီး အရေးအကြောင်းများကိုကင်းစင်စေပါတယ်။ အထူးသဖြင့် အိုမင်းရင့်ရော်မူကို ကာကွယ်နိုင်ပါတယ်။ အိပ်ရေး၀၀လင်လင်အိပ်စက်ရခြင်းကြောင့် သက်လုံပိုင်းကိုပိုကောင်းလာပြီး အဝလွန်ရောဂါဖြစ်ခြင်းကို ကာကွယ်ပေးပါတယ်။ စိတ်ကျရောဂါဖြစ်ခြင်း၊ စိတ်ကစဉ့်ကလျားဖြစ်ခြင်းမှလည်း ကာကွယ်ပေးပြီး နှလုံး၊သွေးတိုးနှင့်လေဖြတ်ခြင်း ဖြစ်နိုင်ချေများကို ကျဆင်းစေပါတယ်။ ဒါကြောင့် အိပ်ရေး၀၀အိပ်သူတွေဟာ ကောင်းကောင်းမအိပ်ရသူများထက်အသက်ပိုရှည်ကြပါတယ်။\n\nမအိပ်ခင်ရှောင်ရှားသင့်သောအရာများ\n\nအလုပ်တာဝန်တွေကို အိပ်ရာထဲအထိပါမလာစေပါနဲ့။ ညဖက်အိပ်ခါနီးအချိန်တွေမှာ မိုဘိုင်းလ်ဖုန်းကိုပိတ်ထားတာအကောင်းဆုံးပါပဲလို့အကြံပေးပါရစေ။ အကောင်းဆုံးကတော့ အိပ်ခန်းမီးကိုပိတ်ပြီးအိပ်သင့်ပါတယ်။ မီးရောင်မှိန်နေခြင်းက အိပ်ယာနိုးထဖို့အတွက် လှုံ့ဆာ်စေနိုင်တဲ့အတွက် လုံးဝမှောင်မဲနေခြင်းက ဦးနှောက်ကို အိပ်စက်ချိန်ပဲဆိုတာကိုအသိပေးပါတယ်။ အိပ်ယာမဝင်ခင် အချိန်အတွင်းမှာ ကော်ဖီ၊လက်ဖက်ရည်တို့ကို မသောက်သုံးသင့်ပါဘူး။ ကဖိန်းဓာတ်က အိပ်စက်မှုကို အားမပေးခြင်းကြောင့်ဖြစ်ပါတယ်။ အရည်များများ သောက်ထားတဲ့အတွက်လည်း အိမ်သာကို ခဏခဏထသွားနေခြင်းကလည်း အိပ်မယ့်အခြေအနေတစ်ခုကို အတားအဆီးဖြစ်စေပါတယ်။ နွားနို့သောက်ခြင်းကအိပ်စက်လိုမူကိုဖြစ်ပေါ်စေပြီး ညဖက်မှာ နွားနို့သောက်တာက အလွန်အမင်းသင့်တော်လှပါတယ်။ ရေနွေးလေးနဲ့ ရေချိုးပြီးနောက် ခန္ဓာကိုယ်အပူချိန်ကိုလျော့ကျစေပြီး အိပ်စက်လိုမူကိုဖြစ်ပေါ်စေတဲ့အတွက် ညနေဖက်မှာ ရေနွေးနွေးလေးနဲ့ ရေချိုးဖို့အလွန်သင့်တော်လှပါတယ်။\n\nဒါကြောင့် ကောင်းမွန်စွာအိပ်စက်ဖို့အတွက် လူတိုင်းနီးပါ အလေးထားပြုလုပ်ဆောင်သင့်ပါတယ်။ သက်ကြီးပိုင်းတွေမှ အသက်ကြီးလာတာနှင့်အမျှ အိပ်မပျော်တတ်ကြပါဘူး။ အိပ်စက်ခြင်းတန်ဖိုးကို အသက်ကြီးမှ တဖြည်းဖြည်း ပိုမိုလိုအပ်လာခြင်းကို သိလာပါလိမ့်မယ်။ ဒါကြောင့် အိပ်စက်ခြင်းဆိုတာ သဘာဝကပေးတဲ့လက်ဆောင်ဖြစ်လို့ အိပ်ချိန်လေးကို ပုံမှန်အိပ်ပေးပြီး လက်တွေ့အသုံးချတတ်ဖို့အရေးကြီးပါတယ်။\n\nအနည်းဆုံး ၆ နာရီလောက်အိပ်ပျော်အောင်အိပ်ပေးခြင်းဖြင့် ကျန်းမာပျော်ရွှင်သောဘဝလေးကိုပိုင်ဆိုင်နိုင်ပါစေဖို့ ကျွန်တော်တို့ Asia Royal Hospital မိသားဆုမှ ဆုမွန်ကောင်းတောင်းပေးလိုက်ပါတယ်ခင်ဗျာ။', 'sleepman.jpg'),
(7, 'နှလုံးအကြောင်းသိကောင်းစရာ', 'လူ့ခန္ဓာကိုယ်ဟာ ကားတစ်စီးဆိုရင် နှလုံးဟာ အင်ဂျင်နဲ့တူပါတယ်။ လူတစ်ယောက်အသက်ရှင်ဖို့အတွက်အဓိက မောင်းနှင်ပေးနေတာဟာ နှလုံးဖြစ်တဲ့အတွက်နှလုံးကျန်းမာရေးဟာ အရေးကြီးပါတယ်။ နှလုံးမှာ ကြွက်သားသုံးထပ်ရှိပြီး အခန်း ၄ ခန်းရှိပါတယ်။ လူတစ်ယောက်ရဲ့ ရင်ဘတ်အလယ်ပိုင်းနဲ့ အဆုတ်နဲ့ကြားမှာ တည်ရှိပါတယ်။ ပုံမှန်လူတစ်ယောက်ရဲ့ နှလုံးဟာ လက်သီးဆုပ်အရွယ်ရှိပြီး တစ်မိနစ်ကို အကြိမ် ၆၀ မှ ၁၀၀ ကြားနဲ့ တနေ့ကို အကြိမ်ပေါင်း ၁၀၀၀၀ လောက်ခုန်ပါတယ်။ နှလုံးရဲ့အဓိကတာဝန်ကို နှလုံးကြွက်သားတွေက ထမ်းဆောင်ကြပါတယ်။ နှလုံးရဲ့ကြွက်သားတွေက Contraction လို့ခေါ်တဲ့ ညှစ်ထုတ်ခြင်းနဲ့ Relaxation လို့ခေါ်တဲ့ လျော့ချခြင်းတို့ကို စနစ်တကျပြုလုပ်ပေးမှသာ နှလုံးဟာကောင်းစွာအလုပ်လုပ်တာပါ။ ဒါမှပဲ နှလုံးကျန်းမာတယ်လို့ခေါ်နိုင်ပါတယ်။\n\nနှလုံးရဲ့ကြွက်သားတွေကျန်းမာဖို့အတွက် အောက်ဆီဂျင်ပါတဲ့သွေးတွေလိုပါတယ်။ အဲ့ဒီသွေးကိုပို့လွှတ်ပေးနေတဲ့ သွေးကြောတွေကို Right & Left Coronary arteries (ဘယ်/ညာ ကိုရိုနရီ သွေးကြောများ) လို့ခေါ်ပါတယ်။ အဲ့ဒီသွေးကြောလေးတွေ ကျဉ်းသွားတာကို နှလုံးသွေးကြောကျဉ်းလို့ခေါ်တာဖြစ်ပြီး နှလုံးနဲ့ပတ်သက်ပြီး လူတွေအဖြစ်များဆုံးရောဂါပါပဲ။\n\nကျွန်တော်တို့ အာရှတော်ဝင်ဟာ ဆေးပညာရပ်ဆိုင်ရာရှင်းလင်းမှုများထက် မိဘပြည်သူများကျန်းမားရေးဗဟုသုတရရှိရေးကိုသာ ဦးတည်တာမို့ နှလုံးရဲ့အသေးစိတ်အလုပ်လုပ်ပုံထက် နှလုံးကျန်းမာရေးအတွက် ဘယ်လိုပြုမူနေထိုင်ရမလဲဆိုတာ ပိုပြီးတင်ဆက်ပေးပါရစေ။\n\nနှလုံးကျန်းမာဖို့အတွက်အရေးကြီးဆုံးကတော့ လေ့ကျင့်ခန်းနဲ့ အစားအသောက်ပါ။ လေ့ကျင့်ခန်းလုပ်ဖို့ဆိုတာကတော့ နှလုံးအတွက်မှမဟုတ်ဘဲ လူတစ်ယောက်အတွက်မဖြစ်မနေလိုအပ်တဲ့ အရာမို့ လေ့ကျင့်ခန်းလုပ်ဖို့ကတော့ ကျွန်တော်တို့ အမြဲတမ်းတိုက်တွန်းခဲ့ပါတယ်။ ဒါပေမယ့်နှလုံးအတွက်ကတော့ လေ့ကျင့်ခန်းအပြင်းစားကြီးတွေမလိုပါဘူး။ ကခုန်ခြင်းနဲ့လမ်းမှန်မှန်လျှောက်ခြင်းဟာ နှလုံးသွေးလည်ပတ်မှုစနစ်ကို အထောက်အကူဖြစ်စေပါတယ်။\n\nအဓိကကတော့ အစားအသောက်ပါပဲ။ နှလုံးသွေးကြောကျဉ်းတာ ၊ နှလုံးနဲ့ဆက်စပ်တဲ့ရောဂါတွေဖြစ်လို့ ဆေးခန်းသွားပြတဲ့အခါ ဆရာဝန်အများစုက သင့်ကိုဘာတွေအများဆုံးစားသလဲလို့မေးကြမှာပါ။ အဲ့ဒါကြောင့် နှလုံးကျန်းမာရေးအတွက် ရှောင်ရမယ့်အစားအစာတွေနဲ့စားရမယ့်အစားအစာတွေကိုတွဲဖက်တင်ပြပေးလိုက်ပါတယ်။\n\nကိုလက်စထရောကိုရှောင်ပြီး / အနီရောင်ကိုဆောင်ပါ\n\nကိုလက်စထရောဟာ သွေးကြောတွေကိုဒုက္ခအပေးဆုံးပါ ။ အဲ့ဒါကြောင့်စားသောက်တဲ့အခါတိုင်းမှာ ကိုလက်စထရောပါဝင်မှုနည်းတဲ့ အစားမျိုးကိုရှောင်ပြီး ကရိုတီနွိုက်ဓာတ်နဲ့အင်တီအောက်ဆီးဒင့်တွေပါတဲ့ စတော်ဘယ်ရီ၊ ရက်စ်ဘယ်ရီ၊ ဖရဲသီး၊ ခရင်မ်ဘယ်ရီ၊ သလဲသီး၊ ခရမ်းချဉ်သီး၊စပျစ်သီးတွေကို များများစားပေးပါ ။ ဒီအစားစာတွေဟာ ဆဲလ်တွေ ပျက်စီးမှုကို ကာကွယ်ပေးတဲ့အပြင် ဗီတာမင်စီပါ ထပ်ဆောင်းပါဝင်တာမို့ နှလုံးရောဂါသည်တွေအတွက် အကောင်းဆုံး အာဟာရပါလို့ ဆေးပညာရှင်တချို့ကဆိုပါတယ်။\n\nဆိုဒါကိုရှောင်ပါ / ဟင်းခတ်အမွှေးကြိုင်သုံးပါ\n\nဆိုဒါဟာ သကြားဓာတ်အလွန်ပါတာမို့ အဝလွန်ပြီး နှလုံးရောဂါကိုပါဖြစ်ပွားစေနိုင်ပါတယ်။ ဟင်းခတ် အမွှေးအကြိုင်တွေကတော့ ရောဂါတချို့ကို တိုက်ထုတ်ပေးနိုင်တဲ့ အစွမ်းရှိပါတယ်။ ဟင်းလျာတခုခုချက်ပြုတ်တဲ့အခါမှာ သစ်ကြံပိုးခေါက်၊ ဇာတိပ္ဖိုလ်သီး၊ ပင်စိမ်းပင်၊ ငရုတ်ကောင်းစတဲ့ ဟင်းခတ် အမွှေးအကြိုင်တွေ ကိုသုံးပေးတာ နှလုံးအတွက်သင့်တော်ပါတယ်။\n\nသစ်သီးဖျော်ရည်ကိုရှောင်ပါ / သစ်သီးကိုဖျော်သောက်ပါ ။\n\nဆိုလိုရင်းကတော့ Ready – made သစ်သီးဖျော်ရည်တွေနဲ့ ဖျော်ရည်အဆီတွေကို မသောက်စေချင်တာပါ ။ လတ်လတ်ဆတ်ဆတ်သစ်သီးတွေကို အသီးချည်းပဲဖျော်သောက်တာအကောင်းဆုံးပါပဲ။\n\nFast food နဲ့ sausage တွေကိုရှောင်ပါ / မပြည့်ဝတဲ့ ဆီကိုစားပါ\n\nအသင့်စား အစားအစာတွေနဲ့ တာရှည်ခံအောင်ပြုလုပ်ထားတဲ့ ဝက်အူချောင်း၊ကြက်အူချောင်းတွေဟာ ဆိုဒီယမ်နဲ့ ဓာတုပစ္စည်းတွေကိုလွန်ကဲစွာသုံးထားတာပါ။ ဒါကြောင့်ရှောင်ကိုရှောင်သင့်ပြီး တခြားအစားအသောက်ချက်ပြုတ်ရာမှာလည်း ထောပတ်တို့မာဂျရင်းတို့စားအုန်းဆီတို့ကိုရှောင်သင့်ပါတယ်။ ဆီနဲ့ပတ်သက်ရင် ပဲဆီ ၊ နှမ်းဆီ ၊ သံလွင်ဆီ တို့လို မပြည့်ဝဆီမျိုးကိုသာ သုံးသင့်ပြီး ငါးကြီးဆီများများပါတဲ့ ငါးတွေကိုစားသုံးခြင်းဖြင့် သင့်နှလုံးကို အမြဲကျန်းမာနေစေမှာပါ။\n\nဒါဟာ နှလုံးကျန်းမာရေးအတွက် အရေးကြီးတဲ့ အစားအသောက်နဲ့ နေထိုင်မှုပုံစံဖြစ်ပြီး ကိုယ့်ဟာကိုယ်ကျန်းမာရေးနဲ့သင့်တင်အောင်ရွေးချယ်ချက်ပြုတ်စားသောက်နိုင်ပါတယ်။ ဒါ့အပြင် ခါးမှာအဆီတွေစုလာပြီဆိုရင်လည်း နှလုံးအတွက်အန္တာရာယ်ရှိတာမို့ ကိုယ်အလေးချိန်ကိုမဖြစ်မနေလျှော့ချဖို့လိုပါတယ်။\n\nပြီးတော့ ခုနက အချက်တွေအားလုံးထက်ပိုပြီးထိရောက်တဲ့ အရေးကြီးဆုံးအချက်တစ်ချက်လည်းကျန်ပါသေးတယ်။ ဆေးလိပ်သောက်သူဆိုရင်ဆေးလိပ်ဖြတ်လိုက်ဖို့ပါပဲ။ ဆေးလိပ်ဖြတ်ခြင်းဟာ နှလုံး ၊ အဆုတ် တင်မက လူတစ်ကိုယ်လုံးအတွက်ကောင်းပါတယ်။ သင်တစ်ယောက်တည်းအတွက်တောင်မဟုတ်၊ သင့်မိသားစုနဲ့ သင့်ပတ်ဝန်းကျင်လေထုအတွက်လည်းကောင်းပါတယ်။ သင်ဟာ ဘာနှလုံးအားဆေးမှသောက်စရာမလိုဘဲ ဆေးလိပ်လေးဖြတ်လိုက်ရုံနဲ့တင် သင့်နှလုံးဟာ မူလထက် သုံးပုံတစ်ပုံပိုကျန်းမာသန်စွမ်းသွားပါတယ်။\n\nနှလုံးကျန်းမာရေးနဲ့ပတ်သက်ပြီး အကြမ်းဖျဉ်းဆောင်ရန်၊ရှောင်ရန်လေးတွေကတော့ ဒီလောက်ပါပဲ။\nမိဘပြည်သူများအားလုံးနှလုံးနဲ့ပတ်သက်ပြီး ဂရုတစိုက်ဆင်ခြင်စားသောက်နေထိုင်ခြင်းဖြင့် ကိုယ်စိတ်နှလုံး အမြဲကျန်းမာရွှင်ပြုံးနိုင်တဲ့ ဘဝလေးများပိုင်ဆိုင်နိုင်ကြပါစေလို့ အာရှတော်ဝင်ကနေ ဆုတောင်းဂါရဝပြုလိုက်ပါတယ်။', 'heart.jpg'),
(8, 'နား၊နှာခေါင်း၊လည်ချောင်း ကျန်းမာရေး', 'အရေးမကြီးပါဘူးဆိုပြီး လူတွေအလွယ်တကူပေါ့ပေါ့လျော့လျော့နေတတ်တဲ့ နား၊နှာခေါင်း၊လည်ချောင်းဆိုင်ရာ ရောဂါများအကြောင်းကို ဗဟုသုတအနေနဲ့ ကျွန်တော်တို့အာရှတော်ဝင်ကနေ မျှဝေပေးပါရစေ ။\nနား၊နှာခေါင်း၊လည်ချောင်း နဲ့ပတ်သက်ပြီး လူတွေဟာ သိပ်ဂရုမစိုက်မိဘဲ မေ့မေ့လျော့လျော့နေတတ်ကြပါတယ်။\nတကယ်တော့ နား၊နှာခေါင်း၊လည်ချောင်းဟာ ခန္ဓာကိုယ်မှာရှိတဲ့ ဒွာရ (၉) ပေါက်လုံးနဲ့ ဆက်သွယ်နေတာကြောင့် သေချာဂရုစိုက်ဖို့လိုပါတယ်။ ထိုအပေါက်တွေကနေ ရောဂါပိုးတွေ အလွယ်တကူ အချိန်မရွေး ဝင်လာနိုင်ပါတယ်။ အဲ့ဒီကမှတဆင့် တခြားခန္ဒာကိုယ်အစိတ်အပိုင်းတွေဆီ ပျံနှံ့ပြီး ဆက်စပ်ရောဂါတွေဖြစ်ကာ ကျန်းမာရေးကိုဆိုးရွားစွာထိခိုက်နိုင်ပါတယ်။ အဲ့ဒါကြောင့်နား၊နှာခေါင်းနဲ့ လည်ချောင်းဆိုင်ရာ အစိတ်အပိုင်းများကို သန့်ရှင်းအောင်ထားဖို့ လိုပါတယ်။\n“ နား ”\n\nနားနဲပတ်သက်ပြီး နားကိုက်ခြင်း၊ နားလေထွက်ခြင်း၊ နားပြည်ယိုခြင်း ၊ နားလေးခြင်းတို့ဟာအဖြစ်များပါတယ်။\nနားကိုက်ရင် ဘယ်လောက်ခံရခက်တယ်ဆိုတာ အကုန်သိကြပါတယ်။ တကယ်တော့နားကိုက်တာဟာ ကြိုတင်ကာကွယ်လို့ရပါတယ်။ နားကို အနာမပေါက်အောင်၊ နားအုံမရောင်အောင်ထားနိုင်ရင်နားမကိုက်ပါဘူး။ နားကို မသန့်ရှင်းတဲ့ လက်တွေနဲ့ထိုးတာတို့၊ နားထဲရေဝင်အောင်ရေချိုးမိတာတို့ကိုရှောင်ကျဉ်ရမှာဖြစ်ပါတယ်။ အထပ်ထပ်အသုံးပြုထားတဲ့ နာဖာချေးကလော်တံတွေကိုလည်း ပြန်အသုံးမပြုသင့်ပါဘူး။\n\nနားပြည်ယိုတာကတော့ နှာစေး၊ချောင်းဆိုးအအေးပတ်ရာမှတစ်ဆင့်ဖြစ်တတ်ပါတယ်။ နှာစေးနေတဲ့ အချိန်မျိုးမှာ နှပ်ချေးညှစ်ပြီဆိုရင် နှာခေါင်းပေါက် ၂ ပေါက်စလုံးကို ပိတ်ပြီးမညှစ်မိစေဖို့ သတိပြုပေးပါ။ နှာခေါင်းပေါက်တစ်ဖက်ကိုသာပိတ်ပြီး ကျန်တစ်ပေါက်ကို လေထွက်ပေါက်ပေးပြီး ဖြည်းဖြည်းလေးညှစ်ပေးသင့်ပါတယ်။ နားပြည်ယိုပြီရင်တော့ သက်ဆိုင်ရာနား၊နှာခေါင်း၊လည်ချောင်း ဆရာဝန်နဲ့ အမြန်ဆုံးြ့ပသသင့်ပါတယ် ။ နားပြည်ယိုတာကို မကုဘဲရေရှည်ထားရင် နားလေးတဲ့ အထိဖြစ်သွားနိုင်ပါတယ်။ တခါတလေ ရောဂါပိုးဟာ ဦးနှောက်ထိရောက်သွားပြီး အသက်အန္တာရာယ်ကိုပါ ထိခိုက်နိုင်ပါတယ်။\n\nနားလေးခြင်း နဲ့ နားလေထွက်ခြင်းဟာ တခြားအကြောင်းအမျိုးမျိုးကြောင့်လည်း ဖြစ်တတ်ပါတယ်။ မွေးရာပါနားလေးရောဂါပါလာတာမျိုးလည်းရှိပါတယ်။ မွေးရာပါ နားလေးရောဂါပါလာရင်လည်း စောစောစီးစီးကုသရင် အချိန်မှီနိုင်ပါသေးတယ်။ နားလုံးဝကန်းမသွားအောင်ကာကွယ်လို့ရပါတယ်။ ပြီးတော့ မွေးကင်းစကနေ လသားကလေးအရွယ် ကလေးလေးတွေ နို့အန်ပြီဆိုရင်လည်း ကလေးခေါင်းကို အရှေ့သို့ငုံ့ပေးခြင်းဖြင့် နို့အန်ဖတ်များ ကလေးနားလေပြွန်မှာသွားမပိတ်ဆို့အောင်ကာကွယ်နိုင်ပါတယ်။\n\n“ နှာခေါင်း ”\n\nနှာခေါင်းနဲ့ပတ်သက်ပြီးတော့က နှာစေးခြင်း၊နှာပုပ်ခြင်းအပြင် ထိပ်ကပ်နာတို့ဖြစ်တတ်ပါတယ်။ နှာခေါင်းဟာ အဓိကအသက်ရှုရတဲ့အရာဖြစ်သောကြောင့် နှာခေါင်းကိုတော့ သန့်ရှင်းအောင်ထားဖို့လိုပါတယ်။ တစ်ကိုယ်ရည်သန့်ရှင်းဖို့နဲ့ကိုယ်ခံအားကောင်းဖို့ လိုပါတယ်။ အရေးကြီးဆုံးကတော့ နှပ်ညှစ်တဲ့အခါ ကျွန်တော်တို့အပေါ်ကပြောခဲ့သလို နှာခေါင်းပေါက်တစ်ပေါက်တည်းကိုပဲပိတ်ပြီး ကျန်တစ်ဖက်ကိုဖွင့်ပေးထားကာ ဖြေးညှင်းစွာညှစ်ဖို့ လိုပါတယ်။ နှာစေး ၊ချောင်းဆိုး ရောဂါတွေဟာ လေမှတဆင့် ပျံ့နှံ့တဲ့ Virus တွေကတစ်ဆင့် ဖြစ်ပွားတတ်တဲ့ရောဂါတွေဖြစ်တာမို့လူထူထပ်တဲ့နေရာတွေသွားရင်နှာခေါင်းစည်းစည်းထားနိုင်ရင်အကောင်းဆုံးပါပဲ ။\n\n“ လည်ချောင်း ”\n\nလည်ချောင်းနဲ့ပတ်သက်လို့ကတော့ တော်တော်အရေးကြီးပါတယ်။ သာမာန် လည်ချောင်းနာတာ ၊ အသံဝင်တာ ၊ အာသီးရောင်တာတွေအပြင် လည်ချောင်းကင်ဆာလိုရောဂါမျိုးပါဖြစ်နိုင်တာကြောင့်ပါ။ လည်ချောင်းကင်ဆာဟာ အသက်ရှူလမ်းကြောင်းကိုပါ ပိတ်ဆို့ထိခိုက်စေတာမို့ အသက်အန္တရာယ်ပါရှိတဲ့ ရောဂါဖြစ်ပါတယ်။ လည်ချောင်းကင်ဆာစဖြစ်ပြီဆိုရင်တော့ မကြာခဏ အသံဝင်ခြင်း ၊လည်ပင်းမှာ အကျိတ်သေသေးလေးများထွက်လာခြင်းနဲ့ အသက်ရှူကြပ်ခြင်း ၊ လည်ပင်းမှာ တခုခုတစ်ဆို့နေသလို ခံစားရခြင်းများဖြစ်တတ်ပါတယ်။ ဒီလိုစဖြစ်ပြီဆိုရင်တော့ သက်ဆိုင်ရာ ဆရာဝန်နဲ့အမြန်ဆုံးပြသပြီး ကုသမှုခံယူတာ အကောင်းဆုံးပါပဲ။ လည်ချောင်းကင်ဆာဟာ ဆေးလိပ်သောက်ခြင်း၊ ကွမ်းဝါးခြင်း၊ အရက်သောက်ခြင်းများမှ အဖြစ်များသောကြောင့် တတ်နိုင်သလောက်ရှောင်ကျဉ်စေချင်ပါတယ်။\n\nနောက်ဆုံးအနေနဲ့ပြောရရင်တော့ နား၊နှာခေါင်း၊လည်ချောင်းရောဂါများဟာ ဖြစ်ရင်သာ ကုသရခက်တာ ကာကွယ်ရတာတော့ အင်မတန်လွယ်ပါတယ်။ မိမိတစ်ကိုယ်ရေသန့်ရှင်းရေးနဲ့ ကိုယ်ခန္ဓာအစိတ်အပိုင်းများကိုသန့်ရှင်းအောင်ထားခြင်း၊ မသန့်ရှင်းသောလက်ဖြင့် နားပေါက်များ၊ နှာခေါင်းပေါက်များ ကိုထိုးသွင်းကလိခြင်းများကို အထူးရှောင်ကျဉ်နိုင်ရင် အဆင်ပြေပါတယ်။ မိမိ အမှတ်မထင်လုပ်မိနေသော အပြုအမူသေးသေးလေးများကိုရှောင်ကျဉ်ခြင်းဖြင့် နား၊နှာခေါင်း၊လည်ချောင်းနဲ့ ပတ်သက်သောရောဂါများကနေကင်းဝေပျော်ရွှင်ကြပါစေလို့လည်း အာရှတော်ဝင်ကနေဆုမွန်ကောင်းတောင်းပေးလိုက်ပါတယ် ။', 'ear.jpg'),
(9, 'သွေးတိုးရောဂါအကြောင်းသိကောင်းစရာ', 'ကျွမ်းကျင်ဆေးပညာရှင်များကတော့ သွေးတိုးရောဂါကို တိတ်တဆိတ်လူသတ်သမား(Silent Killer) လို့ တင်စားခေါ်ဝေါ်ကြပါတယ်။ ဘာလို့လဲဆိုတော့ သွေးတိုးရောဂါရှိသူတွေရဲ့ သုံးပုံတစ်ပုံခန့်ဟာ မိမိမှာ သွေးတိုးရောဂါရှိမှန်း မသိကြပါဘူး။\nသွေးတိုးရောဂါဆိုတာ လေဖြတ်ရောဂါ (Stroke ) ဖြစ်စေတဲ့ နံပါတ်တစ် အကြောင်းအရင်းဖြစ်သလို နှလုံးရောဂါ ( နှလုံးသွေးကြောကျဉ်းခြင်း၊ သွေးကြောပိတ်ခြင်း၊ နှလုံးကြီးခြင်း) များရဲ့ အဓိကအကြောင်းအရင်းတစ်ခုဖြစ်ပါတယ်။\nအသက်၄၀ကျော်သူများ၊ မျိုးရိုးအလိုက်သွေးတိုးရောဂါရှိသူများ၊ ဆေးလိပ်၊အရက် အလွန်အကျွံသောက်သုံးသူများ၊ ကိုယ်အလေးချိန်များသူများ၊ စိတ်ဖိစီးမူရှိသူများနဲ့ မကြာခဏသွေးပေါင်ချိန်တက်တတ်တဲ့ ရောဂါသူရှိသူတွေမှာ သွေးတိုးရောဂါဖြစ်ပွားတတ်ကြပါတယ်။\nပုံမှန်အားဖြင့် သွေးတိုးရောဂါဟာ ရောဂါလက္ခဏာ သိပ်ပြလေ့မရှိပါဘူး။အများစုဟာ သွေးတိုးရောဂါရဲ့ ရောဂါလက္ခဏာတွေကို ခံစားရလေ့ မရှိပါဘူး။ ခံစားရသူအချို့မှာတော့ ခေါင်းကိုက်ခြင်း၊ ဇက်ကြောတက်ခြင်း၊ မူးဝေခြင်း၊အသက်ရှူမြန်လာခြင်း၊ အမြင်အာရုံေ၀ဝါးလာခြင်းတို့ ဖြစ်ပွားတတ်ပါတယ်။\nနောက်ဆက်တွဲဆိုးကျိုးလက္ခဏာတွေကတော့ ရင်ဘတ်အောင့်ခြင်း၊ နှလုံးသွေးကြောကျဉ်းခြင်း၊ လေဖြတ်ခြင်း၊ ဦးနှောက်သွေးကြောပိတ်ခြင်း၊ ပေါက်ခြင်း၊ နှလုံးညစ်အားနည်းခြင်း၊ မျက်နှာယောင်အမ်းလာခြင်း၊ ကျောက်ကပ်ပျက်စီးခြင်း၊ အမြင်ချို့ယွင်းလာခြင်း စတဲ့ ဆိုးကျိုးများ ဖြစ်ပွားလာနိုင်ပါတယ်။\nသွေးတိုးရောဂါကို ထိန်းသိပ်ဖို့အတွက် ကိုယ်အလေးချိန် ထိန်းသိမ်းပြီး အဝမလွန်အောင် နေထိုင်စားသောက်ပါ။ ပုံမှန် ကိုယ်လက်လှုပ်ရှားမှုပြုလုပ်ပါ။ အသီးအနှံ ဟင်းသီးဟင်းရွက် များများစားသုံးပေးပါ။ အငန်ဓာတ်ပါသော ငါးပိ၊ငါးခြောက်၊ဟင်းချိုမှုန့်များနှင့် အဆီကို အလွန်အမင်းစာသုံးခြင်းတို့မှ ရှောင်ကျဉ်ပါ။ အရက်နှင့် ဆေးလိပ် အလွန်အကျွံသောက်သုံးခြင်းမှ ရှောင်ကျဉ်ပါ။ သွေးတိုးရောဂါရှိနေပါက သွေးပေါင်ကို ပုံမှန် စနစ်တကျစစ်ဆေးပြီးဆေးကုသမှုခံယူပေးပါ။\nဒါကြောင့် မိမိမှာ သွေးတိုးရောဂါရှိလာပြီဆိုရင် ဆောင်ရန်ရှောင်ရန်များကို အဓိကထားဆင်ခြင်ပြီး နီးစပ်ရာ ကျွမ်းကျွင်ဆရာဝန်များရဲ့ လမ်းညွန်ချက်အတိုင်းပြုမူနေထိုင်းပြီး သာယာလှပသောဘဝကို ကျန်းမာခြင်းနှင့်အတူလျှောက်လမ်းလိုက်ပါ။\nအာရှတော်ဝင်ဆေးရုံကြီးဟာ နှစ်ပေါင်းရှည်ကြာစွာ သွေးတိုးရောဂါနဲ့ လေဖြတ်ရောဂါ လူနာပေါင်းများစွာကို အရည်အချင်းပြည့် ဆရာဝန်ကြီးများ၊ ခေတ်မှီစက်ကိရိယာများနှင့် ကုသပေးလျက်ရှိပါတယ်။ သွေးတိုးကြောင့် နောက်ဆက်တွဲဖြစ်ပွားတဲ့ ဦးနှောက်သွေးကြောပိတ်ခြင်းကိုလည်း အချိန်မှီရောက်ရှိလာပါက သွေးခဲပျော်ဆေးနှင့် လေဖြတ်ခြင်းအထိ မဖြစ်ပွားအောင် ကုသပေးနေပါတယ်။\nကြိုတင်ကာကွယ်ခြင်းဟာ ကုသခြင်းထက် ပိုမိုကောင်းမွန်တာကြောင့် ကြိုတင်ကာကွယ်ခြင်းနည်းလမ်းများကို ဝေမျှပေးလိုက်ပါတယ်ခင်ဗျာ။', 'highbloodpreasure.jpg'),
(10, 'Chronic Kidney Disease', 'ကျောက်ကပ်(၂)လုံးသည် ခန္ဓာကိုယ်မှ အညစ်အကြေး အဆိပ်အတောက် (ဆီးဆိပ်)များကို စွန့်ထုတ်ပေးရပါသည်။ ကျောက်ကပ်တစ်လုံးကို....\n\nကျောက်ကပ်(၂)လုံးသည် ခန္ဓာကိုယ်မှ အညစ်အကြေး အဆိပ်အတောက် (ဆီးဆိပ်)များကို စွန့်ထုတ်ပေးရပါသည်။ ကျောက်ကပ်တစ်လုံးကို ထုတ်လိုက် သော်လည်း ကျန်(၁)လုံးကောင်းမွန်နေပါက ဆီးဆိပ် (Urea,Creatinine) များ သွေးတွင် များပြားလာခြင်းမရှိပါ။ ကျန်(၁)လုံးကို ၃ပုံ ၁ပုံမှ တစ်ဝက်ခန့် ထုတ်လိုက်ရပါကလည်း ဆီးဆိပ်များ ပုံမှန်အတိုင်း ရှိနိုင်ပါသေးသည်။ သွေးထဲတွင် ဆီးဆိပ်များလာခြင်းသည် အလုပ်လုပ်နိုင်သည့် ကျောက်ကပ်ပမာဏ ၃၀%အောက် နည်းသည်ဟု ခန့်မှန်းနိုင်ပါသည်။ ဆီးဆိပ်များ ရှိသင့်သည်ထက် ၃ - ၄ဆ များပြီဆိုလျှင် အလုပ်လုပ်နိုင်သည့် ကျောက်ကပ်ပမာဏမှာ ၁၀%အောက်ဟု ခန့်မှန်းနိုင်ပါသည်။\n\nဆီးဆိပ်များကို မည်သို့ ကုသနိုင်ပါသနည်း?\nဝမ်းဗိုက်တွင်းသို့ ပိုက်ငယ်တစ်ခု ထုံဆေးပေး တပ်ဆင်ဆေးကြောခြင်း။\nကျောက်ကပ်တု သွေးသန့်စင်စက်ဖြင့် ဖယ်ရှားသန့်စင်ကုသခြင်း။\nကျောက်ကပ်အစားထိုး ကုသခြင်းတို့ ဖြစ်ပါသည်။\nရေရှည် ကျောက်ကပ်အလုပ်မလုပ်သည့်လူနာများကို မည်သည့် အချိန်တွင် စတင် သွေးသန့်စင်ခြင်း ပြုလုပ်သင့်ပါသလဲ ?\n၎င်းလူနာများမှာ ဆီးဆိပ်များ တဖြည်းဖြည်းများပြားလာပြီး ခန္ဓာကိုယ် အစိတ်အပိုင်းများကို တဖြည်းဖြည်းပျက်စီးချို့ယွင်းလာစေပြီးနောက် အတန် ကြာမှ အသက်ဆုံးရှုံးသည့် အခြေအနေသို့ ရောက်ရှိခြင်းဖြစ်ပါသည်။\n\nအများအားဖြင့် လူနာမစားချင် မသောက်ချင် ဖြစ်လာခြင်း၊ ပျို့အန်ခြင်း၊ ကိုယ်လက်မအီမသာဖြစ်ခြင်း၊ မောပန်းလာခြင်း၊ နေ့အခါတွင်အငိုက်လွန်လာ ခြင်း၊ မှိန်းခြင်း၊ ကိုယ်လက်ယားယံလာခြင်း စသည်များ ခံစားလာရလျှင်သော် လည်းကောင်း၊ ကိုယ်တွင် ဆီးဆိပ်ပမာဏ ရှိသင့်သည်ထက် ၄ဆ ၅ဆ ပို၍ စုပုံလာခြင်း စသည့်အချိန်များတွင် စတင် သွေးသန့်စင်ပေးသင့်သည်။\n\nအချို့လူနာများသည် ကျောက်ကပ်ကိုဘေးဖြစ်တတ်သော ဆေးဝါး၊ အစား အစာ၊ အခြားရောဂါ တစ်စုံတစ်ရာ (ဥပမာ-ဝမ်းလျောခြင်း၊ သွေးပေါင်ကျခြင်း၊ သွေးပေါင်တက်လွန်းခြင်း) များကြောင့် နာတာရှည်ဖြည်းဖြည်းချင်း ကျောက်ကပ် အားနည်းနေရာမှ ရုတ်တရက် လျင်မြန်စွာ ကျောက်ကပ် အားနည်းသွားပြီး ဆီးဆိပ်များ လျင်မြန်စွာ တက်လာတတ်ပါသည်။ ၎င်းလူနာများသည် အထက် ဖော်ပြပါအကြောင်းအချက်များ ပြုပြင်ကုသလိုက်ပါက နဂိုတဖြည်းဖြည်း အား နည်းနေသည့် အခြေအနေသို့ ပြန်လည်ရောက်ရှိကာ ဆီးဆိပ်များ ပြန်လည် လျော့နည်းလာပြီး အချိန်အတိုင်းအတာ တစ်ခုအထိ ပြန်လည်ကောင်းမွန် အသက်ရှင်လာနိုင်ပါသည်။\n\nသို့ရာတွင် ဆီးဆိပ်များ များလွန်း၍ အသက်အန္တရာယ် ပေးနိုင်သည့်အခြေ အနေမျိုးတွင် အရဲစွန့် စောင့်စားခြင်းထက် ပိုမိုစိတ်ချရစေရန် ဆီးဆိပ် ဖယ်ရှား သန့်စင်ခြင်းကို ဆောင်ရွက်သင့်ပါသည်။ အတိုင်းအတာတစ်ခုသို့ ကျောက်ကပ် ပြန်လည်ကောင်းမွန်လာကာ ဆက်လက်မဆေးဘဲ ရပ်ထားနိုင်သည်များလည်း ရှိပါသည်။\n\nနာတာရှည်ကျောက်ကပ်အလုပ်မလုပ်သည့် လူနာများမှာ ရေရှည်ဆီးဆိပ် ဖယ်ရှားပေးရန် လိုပါသည်။ နောင်ကျန်းမာလာပါက ကျောက်ကပ် အစားထိုး ကုသမှု ပြုလုပ်နိုင်ပါသည်။\n\nသွေးသန့်စင်ကုခြင်းမပြုဘဲ အရဲစွန့် စောင့်ကြည်မည်ဆိုပါက မည်ကဲ့သို့ ရှိပါမည်လဲ?\nအရဲစွန့် စောင့်ကြည့်မည်ဆိုပါက လူနာကံကောင်းလျှင် အထက်ဖော်ပြခဲ့ သည့် အကြောင်းတစ်ခုခုကြောင့် ကျောက်ကပ်ခေတ္တအလုပ်မလုပ်သည့် အခြေ အနေဖြစ်ခဲ့လျှင် သဘာဝအလျောက် အတိုင်းအတာ တစ်ခုအထိ ပြန်လည် ကောင်းမွန်လာနိုင်သကဲ့သို့ လူနာကံမကောင်းလျှင် တချို့လူနာများမှာအပြင်ပန်း အားဖြင့် ဆိုးရွားသည်ဟုမထင်ရသော်လည်း အဆိပ်အတောက်အညစ်အကြေး များကြောင့် နာရီပိုင်း၊ ရက်ပိုင်းအတွင်း အသက်ဆုံးရှုံးရခြင်းမျိုးလည်း ဖြစ်နိုင်ပါ သည်။\n\nခေတ္တ စဉ်စားနေချိန်အတွင်း လူနာသက်သာလာခြင်း၊ ရုတ်တရက်သေဆုံး သွားခြင်းသည် ဖြစ်လေ့ဖြစ်ထရှိသော အဖြစ်အပျက်များဖြစ်၍ အံ့သြဖွယ်ရာ မဟုတ်ပါ။ ဥပမာပြရသော် တိုက်အမြင့်ပေါ်မှ ခုန်ချသောသူသည် ထိခိုက်ဒဏ်ရာ ရရှိမှု များသော်လည်း အင်မတန် ကံကောင်း၍ ဘာမှမဖြစ်နိုင်သကဲ့သို့ ဖြစ်ပါ သည်။ တာဝန်ရှိသူအနေဖြင့် မခုန်ချရန် အကြံဉာဏ်ပေးရမည်သာဖြစ်ပါသည်။\n\nအချို့လူနာများမှာ အသက်အန္တရာယ်ပေးနိုင်လောက်သည့် အနေအထား သို့ ရောက်မလာသေးသော်လည်း ဆီးဆိပ်များကြောင့် ဦးနှောက်၊ နှလုံး၊ သွေး၊ အစာအိမ်လမ်းကြောင်း၊ အရိုး စသည့် ခန္ဓာကိုယ်အင်္ဂါအစိတ်အပိုင်းများ တဖြည်း ဖြည်းချင်း ပျက်စီးလာမည်ဖြစ်ရာ လုံးဝမဟန်တော့သည့် အခြေအနေတွင်မှ သန့်စင်ပေးခြင်းသည် လူနာ၏ကျန်းမာရေးကို အားရကျေနပ်ဖွယ်ရာ ကောင်း လောက်အောင် ပြန်လည် စွမ်းဆောင်နိုင်တော့မည်မဟုတ်ပါ။ (ဥပမာပြရသော် ကားအင်ဂျင်ဝိုင်ကို စောစော သန့်စင်ပေးခြင်းသည် အင်ဂျင်သက်တမ်းရှည် သော်လည်း လုံးဝခမ်းခြောက်ပြီး ထိခိုက်ပျက်စီးခြင်းမှ အင်ဂျင်ဝိုင်အထပ်ထပ် လဲသော်လည်း ပျက်စီးသွားပြီးသည့် အင်ဂျင်အစိတ်အပိုင်းများမှာ အကောင်း ကဲ့သို့ ပြန်လည် ဖြစ်မလာနိုင်သကဲ့သို့ ဖြစ်ပါသည်။)\n\nမည်မျှကြာအောင် ဆေးကြောရမည်နည်း?\nခေတ္တ ကျောက်ကပ် အလုပ်မလုပ်သည့် လူနာများကို ကျောက်ကပ် ပြန် လည် ကောင်းမွန်လာသည်အထိ (အများအားဖြင့် တစ်ပတ်မှ တစ်လခန့်) သန့်စင် ဆေးကြောကုသခြင်း ပြုလုပ်ရပါမည်။ နာတာရှည် ကျောက်ကပ် အလုပ်မလုပ် သည့် လူနာများကိုမူ ရေရှည်သန့်စင်ဆေးကြောခြင်း ပြုလုပ်ရပါမည်။\n\nဘယ်နှစ်ကြိမ် ဆေးကြောရပါမည်လဲ?\nအကောင်းဆုံးစံချိန်မီ သန့်စင်ကုသပေးမည်ဆိုပါက တစ်ပတ်လျှင်(၃)ကြိမ် သန့်စင်ပေးရပါမည်။ မလုပ်နိုင်ပါက တစ်ပါတ်လျှင်(၂)ကြိမ် အနည်းဆုံး ဆောင်ရွက်သင့်ပါသည်။\n\nကုန်ကျစရိတ်မည်မျှရှိပါသလဲ?\nအသုံးပြုရသည့် ပစ္စည်းများမှာ တန်ဖိုးကြီးမားလှသဖြင့် တစ်ကြိမ် သန့်စင် ပေးလျှင် ကျပ်လေးသောင်းခန့်ကုန်ကျပါမည်။ ၎င်းစရိတ်မှာ ပစ္စည်းကိရိယာများ အတွက် အဓိကကုန်ကျခြင်း ဖြစ်ပါသည်။ အခြားတိုင်းပြည်များတွင် အလားတူ ပစ္စည်းများ အသုံးပြုရာတွင် ကျပ်တစ်သိန်းကျော် ကုန်ကျတတ်ပါသည်။ ပစ္စည်း များကို ၎င်းတိုင်းပြည်များမှ တဆင့် ဝယ်ယူသုံးစွဲရသဖြင့် ပစ္စည်းဖိုး ပိုမို များပြား ကုန်ကျသော်လည်း ၎င်းတိုင်းပြည်များနှင့် နှိုင်းယှဉ်လျှင် ဆရာဝန် / ဆရာမ / ဝန်ထမ်းများအတွက် ကုန်ကျစရိတ် နှုန်းထားသက်သာသည့်အတွက် တစ်ကြိမ် ဆေးလျှင် ကျပ်လေးသောင်းခန့်သာ ကုန်ကျခြင်းဖြစ်ပါသည်။\n\nကျောက်ကပ်အလုပ်မလုပ်သည့်လူနာ ပြန်လည်ကောင်းမွန် လာပါမည်လား?\nကျောက်ကပ်ခေတ္တ အလုပ်မလုပ်သည့်ရောဂါ (Acute Renal Failure) မှာ အကြောင်းအမျိုးမျိုးကြောင့် ယာယီခေတ္တ ရပ်ဆိုင်းသွားခြင်းဖြစ်ပါသည်။ မကြာမီ ပြန်လည် ကောင်းမွန်လာတတ်ပါသည်။ တစ်ခါတစ်ရံ ဆီးဆိပ်များ စုပုံ များပြား လာပြီး အချိန်မီ ဆီးဆိပ်များ ဖယ်ရှားခြင်းမရှိပါက တိုတောင်းသော ကာလ အတွင်း အသက်ဆုံးရှုံးနိုင်ပါသည်။\n\nရေရှည်ကျောက်ကပ်အလုပ်မလုပ်သည့် (Chronic Renal Failure) လူနာ များမှာ ဆီးဆိပ်အညစ်အကြေးများ တဖြည်းဖြည်းများလာပြီး ဦးနှောက်/နှလုံး/ သွေး /အစာလမ်းကြောင်း/ အရိုးစသည့် ခန္ဓာကိုယ်အစိတ်အပိုင်းများ တဖြည်း ဖြည်းယိုယွင်းလာပြီး အသက်ဆုံးရှုံးနိုင်ပါသည်။ တစ်ခါတစ်ရံ လူနာအခြေအနေ တိုးတက် ကောင်းမွန်လာသလို ရှိပြီးနောက် တဖြည်းဖြည်း အထက်ပါအတိုင်း ပျက်စီး ယိုယွင်းလာတတ်ပါသည်။\n\nကျောက်ကပ် ပြန်လည်ကောင်းမွန်လာအောင် ကုသ၍ရနိုင်မည်လား? ကျောက်ကပ် တဖြည်းဖြည်း ပျက်စီးမှုသည် နောက်ဆုံးအဆင့်သို့ ရောက် ရှိနေပြီဖြစ်ပါက ပြန်လည်ကောင်းမွန်လာအောင် လုပ်နိုင်မည်မဟုတ်ပါ။\n\nကျောက်ကပ်စတင် ထိခိုက်သည့် အနေအထားတွင် ထိရောက်သောကုသမှု ရယူနိုင်ပါက အချို့လူနာများ ပြန်လည် ကောင်းမွန်လာနိုင်ပါသည်။\n\nပြန်လည်ကောင်းမလာနိုင်သည့်တိုင်အောင် ထိရောက်သော ဆေးဝါးကုသ မှုများဖြင့် ပျက်စီးနှုန်းနှေးကွေးအောင် အတိုင်းအတာတစ်ခုအထိ ဆောင်ရွက်ရ ပါမည်။ ဆီးချို၊ သွေးတိုး၊ ဖောရောင်ခြင်း၊ မောပန်းခြင်း၊ ဆီးသွားရာတွင် လိုသည် ထက်ပို၍ အမြှုပ်ထခြင်း၊ ဆီးစစ်ကြည့်ရာတွင် ဆီးထဲ၌ အသားဓာတ်ပါနေခြင်း၊ ကျောက်ကပ်အလုပ်လုပ်သည့်ပမာဏကို (သာမာန်သွေးစစ်ခြင်းမျိုးမဟုတ်ဘဲ ပိုမို တိကျသည့်နည်းများဖြင့်) တိုင်းတာခြင်းစသည်တို့ဖြင့် ကျောက်ကပ်စတင်ပျက်စီး ခြင်းကိုစောစီးစွာသိရှိပြီး ထိရောက်သောကုသမှုများ ပေးနိုင်ရန်အရေးကြီးပါသည်။ တစ်ချို့သောဆေးဝါး(အနောက်တိုင်းဆေး၊ တိုင်းရင်းဆေး)နှင့် သစ်သီး၊ အရွက် မှထုတ်လုပ်ထားသောဆေး၊ အာဟာရစသည်တို့သည် တစ်ခါတစ်ရံ ကျောက်ကပ် ကို ပိုမိုပျက်စီးစေနိုင်သဖြင့် အထူးသတိပြုစေလိုပါသည်။\n\nလူနာခံနိုင်ရည်ရှိပါမည်လား?\nမလုပ်ဘဲထားလျှင် ဆီးဆိပ်များပြီး အသက်အန္တရာယ်များပါသည်။ ဆီးဆိပ် သန့်စင်ပေးတဲ့ အန္တရာယ်က နည်းပါတယ်။\n\nဆေးပြီးလည်း နောက် သိပ်မကောင်းတာမျိုး ကြားဖူးပါတယ်?\nကောင်းတယ် မကောင်းဘူးဆိုတဲ့ ရလဒ်က လူနာရဲ့ကျန်းမာရေးပေါ်မှာ မူတည်ပါတယ်။ ကျောက်ကပ် (၂) လုံးစလုံး ထုတ်ပစ်ထားလည်း အချိန်မီလုံလုံ လောက်လောက် ဆီးဆိပ်သန့်စင်ပေးလျှင် (၁၅)နှစ် အနှစ်(၂၀)အသက်ရှင်သူ ကို တွေ့နိုင်ပါသည်။\n\nအများအားဖြင့် လုပ်ထားခြင်းသည် ကောင်းသည်ဆိုပေမယ့် လူနာက သိပ်မဆိုးသေးဘဲ တင်းခံနေတတ်ပါသည်။ ခန္ဓာကိုယ်အစိတ်အပိုင်းတွေ ထိခိုက် ပျက်စီးပြီး သေလောက်အောင်ဖြစ်လာတော့မှ လုပ်ပေးပါဆိုပြီး ရောက်လာတတ် တဲ့သူတွေ ဆီးဆိပ်တွေသန့်လာပေမယ့် ပျက်စီးပြီးတဲ့ ခန္ဓာကိုယ်အစိတ်အပိုင်း တွေ ပြန်မကောင်းနိုင်တော့တဲ့အတွက် ဆေးပေမယ့် ကောင်းသင့်သလောက် ပြန်မကောင်းတော့ပါ။\n\nနောက်ပြီး တစ်ပတ် (၃) ကြိမ်ထက် ပိုဆေးလျှင် ပိုကောင်းတယ် ပြောနေ ကြတဲ့အချိန်မှာ တစ်ပတ်ကို (၂) ကြိမ် ချွေတာဆေးပေးနေတာရယ်၊ ဒီထက်ပို နည်းပြီး ဆေးချင်လာတာရယ်တွေကြောင့် ကောင်းသင့်သလောက် မကောင်း တာပါပဲ။ ကျောက်ကပ်တု သွေးသန့်စင်စက်နဲ့ အချိန်မီစောစောစီးစီး သင့်တော် တဲ့အချိန်မှာ စတင်ကုသမှုခံယူပြီး စံချိန်မီကုသမှုကို ခံယူနေတဲ့လူနာတွေ လူနာ လို့တောင်မထင်ရဘဲ အားကစားပြိုင်ပွဲတွေဝင်နေသူ၊ အလုပ်လုပ်ကိုင်နေသူတွေ အများကြီးရှိပါတယ်။\n\nနောက်ဆုံးမှာချင်တာက-\n\nမလုပ်မီ နိုင်၏ မနိုင်၏ကို သေချာစွာ စဉ်းစားစေချင်ပါသည်။ မနိုင်ဝန်ကို သံယောဇဉ်ကြောင့် ဇွတ်မထမ်းစေချင်ပါ။\nလုပ်မည်ဆိုပါက ခန္ဓာကိုယ် အစိတ်အပိုင်းများ ပြင်မရအောင် မပျက်စီးမီ ကောင်းနေစဉ် အချိန်တွင် ကြိုတင် လုပ်သင့်ပါသည်။\nစံချိန်မီအောင် လုပ်ပါ။ အခြေအနေအရပ်ရပ်ကြောင့် အချိန်မီနှင့် စံချိန်မီမလုပ် နိုင်သည်ကို ကုသမှုပေးနေသော ဆရာ / ဆရာမများမှ ဂရုဏာထား နားလည် ပေးသလို လူနာရှင်များမှလည်း အမှန်ကို နားလည်လက်ခံရမှာ ဖြစ်ပါတယ်။\nကျောက်ကပ်ရောင်ရောဂါ\nသင်၏ ကျောက်ကပ်တစ်လုံးစီတွင် Glomerulus (ဂလိုမာရူလပ်စ်)ဟုခေါ် သော ဇကာကွက်ကလေးများ တစ်သန်းစီရှိသည်။ ၎င်းဇကာကွက်ကလေးများ သည် သွေးထဲမှ ခန္ဓာကိုယ်အတွက် မလိုအပ်သောအညစ်အကြေးများ၊ ဆီးဆိပ် များကို စစ်ထုတ် စွန့်ပစ်ခြင်း၊ သွေးထဲမှ Protein ခေါ်သော အသားဓါတ်များ ဆီးထဲသို့ ပါမသွားရန် စစ်ကာပေးခြင်းတို့ကို ဆောင်ရွက်ပေးသည်။\n\nGlomerular disease ခေါ်ကျောက်ကပ်ရောင်ရောဂါ ဖြစ်ပွားသူတွင် ၎င်းဇကာကွက်ကလေးများ ကောင်းစွာ အလုပ်မလုပ်ခြင်း၊ ရောင်ရမ်းပျက်စီး ခြင်းများကို တွေ့ရသည်။ ထိုအခါ သွေးထဲမှ ပရိုတင်းခေါ်အသားဓာတ်များကို ဇကာကွက်ကလေးများမှ ကောင်းစွာစစ်ယူမထားနိုင်သဖြင့် ဆီးထဲတွင်အသား ဓာတ်များပါလာသည်။ အသားဓာတ်များဆီးထဲမှ ယိုစိမ့်မှု များလာသောအခါ သွေးထဲတွင် အသားဓာတ်နည်းပါးလာသည်။ သွေးထဲတွင် အသားဓာတ်နည်း ပါးလာခြင်း၊ ရေနှင့်အငံဓာတ် ဆီးမှစွန့်ပစ်မှုနည်းပါးပြီး လိုအပ်သည်ထက် ခန္ဓာ ကိုယ်တွင်များပြားလာခြင်းတို့ကြောင့် ခန္ဓာကိုယ်ဖောရောင်လာခြင်းဖြစ်သည်။\n\nကျောင်ကပ်ရောင်ရောဂါကို အချိန်မီ မကုသနိုင်ပါက တဖြည်းဖြည်းချင်း ကျောက်ကပ်ပျက်စီးလာပြီး ကျောက်ကပ်အလုပ်မလုပ်တော့သည့် အခြေအနေ သို့ ရောက်ရှိသွားနိုင်သည်။ သွေးပေါင်များခြင်း (သွေးတိုးခြင်း) သည် ကျောက် ကပ်ကို ပိုမိုလျှင်မြန်စွာ ပျက်စီးစေတတ်ပါသည်။ ကျောက်ကပ်ရောင်ရောဂါရှိ သူတစ်ဦး၏ အပေါ်သွေးပေါင်ချိန်သည် ၁၃၀ အထက်တွင်မကြာခဏရှိပါက သွေးပေါင်ကျဆေးသောက်ရန် လိုအပ်ပါသည်။ ထိုကဲ့သို သွေးပေါင်ကျဆေး သောက်နေရသောလူနာအတွက် ရှိသင့်သော သွေးပေါင်ချိန်မှာ ၁၁၀မှ ၁၃၀ ဖြစ်သည်။ သွေးပေါင်ကျဆေးအမျိုးမျိုးရှိသည့်အနက် သင့်တော်သောဆေးကို ရွေးချယ်ရန်အရေးကြီးပါသည်။ သွေးပေါင်ချိန်ပုံမှန် ၁၁၀မှ ၁၃၀ ကြားဖြစ်ပါက သွေးပေါင်ကျဆေး ရပ်ထားခြင်းမှာ မှားယွင်းပါသည်။ သွေးပေါင်ချိန် လျော့ နည်းသည့် သွေးပေါင်ကျဆေးကို လျော့ကြည့်သင့်သည်။ သွေးတိုးမရှိ၍ သွေးပေါင်ကျဆေးသောက်ရန်မလိုသော လူနာအတွက်မူ အပေါ်သွေးပေါင်ချိန် ၉၀ မှ ၁၃၀ထိ သည် ပုံမှန် သွေးပေါင်ချိန်ဖြစ်သည်။\n\nအနောက်တိုင်း ဆေးဝါးအချို့၊ တိုင်းရင်းဆေးဝါးအချို့နှင့် အသီးအရွက်၊ သစ်ဥအချို့သည် ကျောက်ကပ်ကို ထိခိုက် ပျက်စီးစေနိုင်သည်။ ကျွမ်းကျင် သောဆရာဝန်နှင့် မတိုင်ပင်ဘဲ အထက်ပါဆေးဝါးများသုံးစွဲခြင်း အထူးရှောင် ကြဉ်ပါ။ ကျောက်ကပ်ရောဂါကိုကုသရာတွင် ကျောက်ကပ်ရောင်ရောဂါ အမျိုး အစားပေါ်မူတည်၍ တစ်ဦးနှင့်တစ်ဦး ဆေးဝါးအမျိုးအစားနှင့် ပမာဏကွာခြား မှုများ ရှိပါသည်။ ရောဂါအခြေအနေ ပြောင်းလဲတိုးတက်၊ ဆုတ်ယုတ်မှုအပေါ် မူတည်၍လည်း ကုသမှု ပြောင်းလဲနိုင်ပါသည်။ ကျောက်ကပ်ရောင်ရောဂါ အမျိုးအစားနှင့် အခြေအနေမှန်ကို သိရှိနိုင်ရန် ကျောက်ကပ်အသားစယူစစ် ဆေးကြည့်ရန်လိုပါသည်။ လေးဘက်နာရောဂါတွင် ကျောက်ကပ်ထိခိုက်မှုရှိလာ လျှင် ရိုးရိုး လေးဘက်နာနှင့် မတူဘဲ ကျောက်ကပ်ထိခိုက်ပုံ အခြေအနေပေါ် မူတည်၍ ဆေးဝါးအမျိုးမျိုးကို ရွေးချယ်သုံးစွဲပြီး အတိုးအလျော့လုပ်ရပါသည်။\n\nကျောက်ကပ်ရောင်ရောဂါအတွက် အသုံးပြုသောဆေးဝါးများမှာ လူနာ၏ ကိုယ်ခံစွမ်းအားကို အနည်းငယ်နှိမ့်ချထားသဖြင့် သာမန်လူထက် ပြင်ပမှရောဂါ များဝင်ရောက်နိုင်သည်။ ထိုသို့ ဝင်ရောက်လာပါက အချိန်မီ ထိရောက်သော ကုသမှုခံယူရန် အရေးကြီးပါသည်။\n\nကျောက်ကပ်ဆေးဟုခေါ်သော Endoxan ၊ Cellcept ၊ Mycept အမျိုးအစား ဆေးဝါး၊ Azathioprine (Immuran/Azoran) ဆေးများကို သောက်နေရသူများ သည် အထူးဂရုပြုရန် လိုအပ်ပါသည်။၎င်းကျောက်ကပ်ဆေးများကို အောက် ဖော်ပြပါ အခြေအနေများတွင်-\n\nဖျားလျှင်\nချောင်းဆိုးလျှင်\nလည်ချောင်းနာလျှင်\nသာမာန် နှာစေးအအေးမိလျှင်\nဝမ်းပျက် ဝမ်းလျှောလျှင်\nကိုယ်ပူလျှင်\nခေတ္တရပ်ထားပြီး နီးရာဆရာဝန် (သို့) ကျောက်ကပ်ဆရာဝန်နှင့်ပြရန် အရေး ကြီးပါသည်။ နေကောင်းပြီး ၃/၄ ရက်ကြာလျှင် ပြန်သောက်ရပါမည်။ ကြာရှည် စွာရပ်ထားရန်မသင့်ပါ။ မည်သည့်အကြောင်းကြောင့်မဆို သင်နေမကောင်း ဖြစ်လျှင် မသေချာပါက ကျောက်ကပ်ဆေးကို ရပ်ထားသင့်သည်။ သို့ရာတွင် အထက်ပါအကြောင်းအရာများမရှိဘဲ အန်ခြင်း/ဝမ်းချုပ်ခြင်း သပ်သပ်အတွက် ရပ်ထားရန်မလိုပါ။\n\nအထူးသတိပြုသင့်သည်မှာ Prednisolone ၊ Medrol ၊ Medixon ကဲ့သို့ သော ဆေးများကိုမူ နေမကောင်းသော်လည်း ဆက်လက် သောက်နေရန် လိုအပ်ပါသည်။ ရုတ်တရက်ရပ်ခြင်း လုံးဝမပြုရပါ။ အန္တရာယ် ဖြစ်နိုင်သည်။သင် အကြောင်းတစ်ခုခုကြောင့် နေမကောင်းဖြစ်လျှင် ကျောက်ကပ် ဆရာဝန် (သို့) နီးစပ်ရာ ဆရာဝန်နှင့် တိုင်ပင်ခြင်းသည် အကောင်းဆုံးဖြစ် ပါသည်။ သင်ေသောက်နေသော ကျောက်ကပ်ရောင်ရောဂါဆေးများကိုလည်း ပြသ/ပြောကြားပါ။\n\nအစားအသောက်နှင့်ပတ်သက်၍\nအရည်နှင့် ပတ်သက်၍ မဖောလျှင်၊ မမောလျှင် ဆီးသွားသည့် ပမာဏထက် ဂလူးကို့ တစ်လုံးစာ (၅၀၀ စီစီ) ပိုသောက်ရန်။ ဖောနေ မောနေလျှင် ဆီးသွားသော ပမာဏ (သို့မဟုတ်) ၎င်းထက် လျော့သောက်ရန်။ များများသောက်ပါက ခန္ဓာကိုယ် ပိုမို ဖောရောင်လာပြီး အဆုတ်တွင် ရေပြည့်ကာ အမောဖောက်လာတတ် ပါသည်။ ထိုအခြေအနေမျိုးတွင် ရေနှင့် အရည်များ လျော့သောက်ပြီး ဆီးဆေး (ဥပမာ-လေးဆစ် Lasix) ကိုပို၍ သောက်ကြည့်နိုင်ပါသည်။ (ဆရာ / ဆရာမများ အထူးညွှန်ကြားလျှင် ညွှန်ကြားသလို သောက်ပါ။) မှတ်ချက်- အရည်ဟုဆိုရာတွင် သောက်ရေအပြင်၊ ဟင်းရည်၊ လက်ဖက်ရည်၊ ကော်ဖီ၊ ရေနွေးကြမ်း၊ အကြောမှသွင်းသည့် အရည်အားလုံး ပါဝင်သည်။\nအငံဓါတ် (ဆားဓါတ်) အငံ(ဆား)ကို ပေါ့ပေါ့ (လျော့)စားသင့်သည်။ ငါးပိ၊ ငါးခြောက်၊ ငံပြာရည်စသည့် အစားအစာများကို ရှောင်သင့်ပါသည်။ အထူးသဖြင့် ခန္ဓာကိုယ်ဖောရောင်နေ သောအချိန်တွင် အငံ(ဆားကို) လျော့စားပါ။ သို့ရာတွင် စိုးရိမ်စိတ် များပြီး အစားအသောက် ချက်ပြုတ်ရာတွင် အငံ (ဆား) ကို လုံးဝမထည့်ဘဲ စားသုံး ခြင်းမပြုသင့်ပါ။\nအသား (Protein ဓါတ်) နှင့်ပတ်သက်၍ တစ်နေ့လျှင် ကြက်ဥ (၁) လုံးမှ (၂) လုံး အရွယ်ခန့်ရှိ ပမာဏကို စားသုံးရန်၊ များလွန်းလျှင် ကျောက်ကပ် ပျက်စီးမှု ပိုမို များပြားနိုင်ပြီး နည်းလွန်းက အာဟာရ ချို့တဲ့နိုင်သည်။\nအဆီအဆိမ့်၊ အသားမှရသောအဆီ၊ ထောပတ်၊ မလိုင်၊ အုန်းနို့၊ ကြက်ဥ အနှစ်စသည့် အဆီအဆိမ့်များရှောင်ပါ။ ငါးအဆီကိုမူ အသင့်အတင့်စားနိုင်သည်။\nအစားအစာချက်ပြုတ်ပြင်ဆင်စားသုံးရာတွင် သန့်ရှင်းမှုကို သာမန်ထက် ပို၍ အလေးထား ဂရုပြုပါ။\nအရောင်ဆိုးထားသော အစားအစာများ၊ မသန့်ရှင်းသောအစားအစာများ၊ ယင်နားသော အစားအစာများ၊ မလတ်ဆတ်သော အသီးအရွက်များ စားခြင်း ကိုရှောင်ပါ။\nမိမိနှင့် တည့်မတည့် မသိသော အစားအစာ (သို့မဟုတ်) တစ်စုံတစ်ရာကို ခဏခဏ (သို့မဟုတ်) တစ်ကြိမ်ထက် များများမစားရန်။\nဆီးချိုအတွက် သီးသန့် အစားအသောက် စာရွက်ကိုပါ လိုက်နာရန်။\nအခြား အထူးညွှန်ကြားချက်များရှိပါက လိုက်နာရန်။\nအခြားအကြောင်းအရာများ\nလူထူထပ်ပြီး ဖုန်တထောင်းထောင်း ထသည့် နေရာများကို ရှောင်ပါ။\nလေဝင် လေထွက်နည်းပြီး လူအများ (အထူးသဖြင့် ချောင်းဆိုးနေသည့် သူ၊ တီဘီရောဂါရှိနေသူများ) စုဝေးနေသော အခန်းများ (ဥပမာ-တီဗွီ၊ ဗီဒီယို ပြသောရုံများ) ကို ရှောင်ပါ။\nအိမ်ထောင်ရှိသော အမျိုးသမီးများ ကျောက်ကပ်ဆေး သောက်နေစဉ် အတွင်း ကလေးမယူသင့်ပါ။\nသတိပြုရန်\nအောက်ဖော်ပြပါ လက္ခဏာတစ်ခုခုရှိလျှင် ကျောက်ကပ်ရောင်ရောဂါ ရှိနိုင်သည်ကို ဂရုပြုပါ။\n၁။ ဖောရောင်ခြင်း။\n\n၂။ သွေးတိုးခြင်း။\n\n၃။ ဆီးနည်းခြင်း။\n\n၄။ ဆီးသွားလျှင် သာမာန်ထက် အမြှုပ်ထခြင်း။\n\n၅။ ညတွင် ဆီးသာမန်ထက် ပိုသွားရခြင်း။\n\n၆။ ဆီးတွင်း သွေးပါခြင်း။\n\n၇။ မည်သည့် လက္ခဏာမျှမရှိသော်လည်း ဆီးစစ်ကြည့်သည့်အခါ ဆီးတွင်း အသားဓါတ် [Albumin+(or)Protein+] ပါနေခြင်း။\n\nကျောက်ကပ်ပျက်စီးအလုပ်မလုပ်ခြင်း (Renal Failure) မှကာကွယ်နိုင် ရန် ကျောက်ကပ်ရောင်ရောဂါကို အချိန်မီ ထိရောက်စွာ ကုသရန် အရေးကြီး ပါသည်', 'kidney.jpg'),
(12, 'သံဓာတ် နှင့် ခန္ဓာကိုယ်ကို အကျိုးပြုပုံများ', 'သံဓာတ်ဆိုတာ ခန္ဓာကိုယ်ရဲ့ ကိုယ်ခံအားစနစ်အတွက် အရေးကြီးသော အာဟာရဓာတ် တစ်မျိုးဖြစ်ပါတယ်...\n\nသံဓာတ်မပြည့်ဝတဲ့ လူတစ်ယောက်မှာ ဆိုလျှင် ကိုယ်ခံအားကျဆင်းပြီး ခန္ဓာကိုယ်ထဲကို ဝင်ရောက်လာတဲ့ ဘက်တီးရီးယား၊ ဗိုင်းရက်စ် ရောဂါပိုးမွှားတွေကို ကောင်းစွာ မတိုက်ထုတ်နိုင်ပဲ အလွယ်တကူ ဝင်လွယ်ခြင်းကြောင့် အဲလူဟာ ခဏခဏ နေမကောင်းဖြစ်တာ ၊ ပိုးသတ်ဆေးတွေ သောက်ရတာ ကျန်းမာသန်စွမ်းမှုမရှိ ဖြစ်တာမျိုးတွေကြောင့် သံဓာတ် ပြည့်ဝနေဖို့ လိုအပ်ပါတယ်။\n\nသံဓာတ်သည် ခန္ဓာကိုယ်အတွက် အရေးကြီးသော သတ္တုဓာတ် တစ်မျိုး ဖြစ်ပါတယ်။\n-သွေးနီဥ ဖွဲ့စည်းတည်ဆောက်မှု အတွက်အရေးပါခြင်း\n-DNA ဖွဲ့စည်းခြင်း\n-ခန္ဓာကိုယ်တစ်ခုလုံးရှိ ကိုယ်တွင်းအင်္ဂါ၊ အစိတ်အပိုင်းအားလုံးနှင့် တစ်ရှူး၊ ဆဲလ်များဆီသို့အောက်ဆီဂျင် ရရှိရန် ပို့ဆောင်ပေးခြင်း\n-ကိုယ်ခံအားစနစ် ကျန်းမာသန်စွမ်းဖို့အတွက်လည်း သံဓာတ်ကို အထူးလိုအပ်ပါတယ်။\n\nသံဓာတ်ကို အထူးတလည် ဖြည့်တင်း စားသုံးရန် လိုအပ်သူများကတော့ -\nကလေးငယ်များ\nအပျိုဖော်ဝင်စ အမျိုးသမီးများ\nရာသီသွေးဆင်းများသော အမျိုးသမီးများ\nကိုယ်ဝန်ဆောင်မိခင်များ\nနို့တိုက်မိခင်များ\nမကြာခဏ သွေးလှူပြီး သံဓာတ်ပါသော အစားအစာများကို လုံလောက်အောင် ပြန်မစားသော သွေးအလှူရှင်များ ဖြစ်ပါတယ်။\nခုဆို သံဓာတ်ရဲ့ အရေးပါပုံတွေ သိသွားပြီဆိုတော့ သံဓာတ်ချို့တဲ့ခြင်းကြောင့် ဖြစ်တတ်တဲ့ နောက်ဆက်တွဲ ရောဂါလက္ခဏာများကို ပြောပြမယ်နော်။\nကလေးတွေမှာ ကြီးထွားဖွံ့ဖြိုးမှု နှေးကွေးခြင်း၊\nကိုယ်ခံအားနည်းခြင်းကြောင့် မကြာခဏ နေမကောင်းဖြစ်ခြင်း၊\nကျောင်းစာ မလိုက်နိုင်ခြင်း၊ အာရုံစူးစိုက်မှု အားနည်းခြင်း၊ အမူအကျင့်ပိုင်းဆိုင်ရာ ပြသနာများ ဖြစ်တတ်ခြင်း၊\n၂နှစ်အောက် ကလေးငယ်တွေမှာဆိုရင် ဦးနှောက်ဖွံ့ဖြိုးမှုကိုပါ ထိခိုက်စေနိုင်ပါတယ်။\nသက်လတ်ပိုင်းလူတွေမှာ သွေးအားနည်းခြင်း ပြင်းထန်ပါက သွေးအားနည်းခြင်းကြောင့် နှလုံးအလုပ်မလုပ်ခြင်း (Anemic Heart Failure)\nကိုယ်ဝန်ဆောင်အမျိုးသမီးတွေမှာ ဆိုရင် မိခင်ဟာသွေးအားနည်းခြင်းကြောင့် သွေးသွင်းရခြင်း၊ လမစေ့ပဲ စောမွေးခြင်း၊ မွေးကင်းစကလေး ပေါင်နည်းခြင်း၊မွေးပြီးကာလ သွေးသွန်ခြင်း စတာတွေ ဖြစ်နိုင်ပါတယ်နော်။\nဒါဆို သံဓာတ်ချို့တဲ့နေကြောင်း ဘယ်လိုသိနိုင်လဲ?\nမူးဝေ မောပန်းလွယ်ခြင်း၊ အသက်ရှူမဝခြင်း\nနုံးခြင်း၊ အားမရှိသလိုခံစားရခြင်း\nခေါင်းမူးခေါင်းကိုက် ခေါင်းမကြည် ဖြစ်ခြင်း\nဖြူဖတ်ဖြူရော်ဖြစ်ခြင်း\nလက်သည်း၊ ခြေသည်းခွံများ ကြွပ်ဆတ်လာခြင်း\nအနည်းငယ် အားစိုက်ရုံမျှဖြင့် မောဟိုက်လာခြင်း\nမကြာခဏဖျားခြင်း\nခြေဖျားလက်ဖျားများ အလိုအလျောက် အေးစက်နေခြင်း\nကလေးငယ်များတွင် အစားအသောက်ပျက်ခြင်း၊ ကိုယ်အလေးချိန် မတက်လာခြင်း တို့ဖြစ်ရင် သံဓာတ်ချို့တဲ့နေပါပြီ။\nဒါဆို သံဓာတ်ကြွယ်ဝတဲ့ အစားအစာတွေ များများစားပေးဖို့ လိုအပ်လာပြီပေါ့။ သံဓာတ်ကြွယ်ဝတဲ့ အစားအစာတွေက -\nအနီရောင်ရှိသော အသားများ - ဆိတ်သား၊အမဲသား၊ဝက်သား\nကြက်ဥ ဘဲဥ အနှစ်\nအစိမ်းရင့်ရောင်ရှိသောဟင်းသီးဟင်းရွက်များ (မြင်းခွာရွက်၊ဟင်းနုနွယ်၊ကန်စွန်းရွက်၊ကိုက်လန် အစရှိသည်)\nပဲဆံခြောက်အမျိုးမျိုး\nပဲပြား\nအစေ့အဆံများ\nစပျစ်သီးခြောက်/ ဆီးသီးခြောက် တို့ပဲ ဖြစ်ပါတယ်။\nသံဓာတ်ကြွယ်ဝသော အစားအစာများကို စားပြီဆိုရင် ဒီ ဆောင်ရန်ရှောင်ရန် အချက်လေးတွေကို သိထားပေးနော်။\nသံဓာတ်ပါတဲ့ အစားအသောက်တွေ စားနေတာမှန်ပေမယ့် တဖက်ကလည်း ကိုယ်စားလိုက်တဲ့ သံဓာတ်ကို အူလမ်းကြောင်းကနေ ကောင်းမွန်စွာ စုပ်ယူနိုင်ဖို့လည်း အရေးကြီးပါသေးတယ်။\nအထူးသဖြင့် အသားမပါပဲ ဟင်းရွက်နှင့်ပဲတွေကို စားတဲ့အချိန်မှာ ရေနွေးကြမ်း၊ လက်ဖက်ရည်၊ ကော်ဖီ၊ လက်ဖက်သုပ်တို့နှင့် တွဲဖက်စားလျှင် အူလမ်းကြောင်းမှ သံဓာတ်စုပ်ယူမှုကို ဟန့်တားစေတဲ့အတွက် ထိုအစားအသောက်များနှင့် ခပ်ခွါခွါ စားသုံးပေးပါ။\nမိမိစားလိုက်တဲ့အစားအစာမှ သံဓာတ်ကို အပြည့်အဝစုပ်ယူနိုင်ရန်အတွက် vitamin c ကြွယ်ဝတဲ့အစားသောက်များနှင့် တွဲဖက် စားသုံးပေးသင့်ပါတယ်။\nဥပမာ ပဲဟင်းထဲမှာ ခရမ်းချဉ်သီး ထည့်ချက်တာမျိုး၊ သက်သက်လွတ်စားသော ရက်များတွင် အချိုပွဲအနေဖြင့် ဗီတာမင်စီကြွယ်ဝတဲ့ အသီးအနှံ စားပေးခြင်း စတဲ့ စားသုံးမှုပုံ စံတွေဟာ ကျန်းမာရေးနှင့်လည်း ညီညွတ် ၊ အာဟာရလည်းပြည့်၀စွာဖြင့် သံဓာတ်ရရှိနိုင်မည့် နည်းလမ်းကောင်း လေးတွေပဲ ဖြစ်ပါတယ်။', 'iron.jpg'),
(13, 'ဆီးချိုဝေဒနာရှင်များအတွက် ရှောင်သင့်၊ ဆောင်သင့်သော အဆီဓာတ်များ', 'အဆီဓာတ်သည် ကိုယ်ခန္ဓာ အတွင်းပိုင်း အနွေးဓာတ်ပေးခြင်း၊ အရေးကြီးသော ကိုယ်တွင်းအစိတ်အပိုင်းများ မထိခိုက်အောင် ကာကွယ်ပေးခြင်း၊ အဆီတွင် ပျော်ဝင်သော ဗီတာမင်များ (Vitamin A, D, E, K) နှင့် ... အမျိုးသား၊ အမျိုးသမီး ဟော်မုန်းထုတ်လုပ်ခြင်း စသည်တို့အတွက် အရေးပါသော အစာအုပ်စုကြီး တစ်ခု ဖြစ်ပါတယ်။\n\nအစားအစာများမှ ရရှိသော အဆီအမျိုးမျိုးရှိသည့် အနက် -\n\nကျန်းမာရေးအတွက် ကောင်းသောအဆီ နှင့်\nမကောင်းသောအဆီ ဟူ၍ ၂ မျိုး ခွဲထားပါတယ်။\nဆီးချိုလူနာများ စားသုံးရန် မသင့်သော အဆီအမျိုးအစားမှာ ပြည့်ဝဆီ နှင့် အသွင်ပြောင်းဆီ တို့ ဖြစ်ပါတယ်။\nပြည့်ဝဆီ (saturated fats) နှင့် အသွင်ပြောင်းဆီ (trans fat) များဟာ -\n\nသွေးတွင်းရှိ မကောင်းသောအဆီများဖြစ်တဲ့ LDL cholesterol & Triglycerides (ထရိုင်ဂလစ်စရိုက်) ကို တက်စေတဲ့အပြင် ကောင်းသောအဆီ (HDL cholesterol)ကို နည်းစေသောကြောင့် နှလုံးသွေးကြောကျဉ်း၊ သွေးကြောပိတ်ရောဂါတို့ကို ဖြစ်စေပါတယ်။\nအင်ဆူလင် ဟော်မုန်းလုပ်အားကိုပါ ကျစေပြီး အင်ဆူလင် အလုပ်မလုပ်ခြင်း (insulin resistance)ကြောင့် သွေးတွင်း သကြားဓာတ်တက်လာခြင်း၊ ဆီးချိုသွေးချို ရောဂါလည်း ဖြစ်စေနိုင်ပါတယ်။\nပြည့်ဝဆီ ပါဝင်သော အစားအစာများမှာ-\nအနီရောင်ရှိသော အသားများ ဖြစ်တဲ့ (ဝက်သား၊ ဆိတ်သား၊ အမဲသား)၊ ဝမ်းတွင်း ကလီစာများ၊အရေခွံများ၊ ကြက်/ဝက်အူချောင်း/ဝက်သားပြား၊ ထောပတ်၊ ချိစ်(cheese)၊ မာဂျရင်း (margarine) အသင့်စားခေါက်ဆွဲ/ ကြာဆံထုပ် (instant noodles)၊ ကော်ဖီမိတ်(coffee mate,non-dairy creamer)၊ နို့ဆီ၊ နို့စိမ်း၊ အသင့်သောက် ကော်ဖီ၊လက်ဖက်ရည်ထုပ်များ၊ ရယ်ဒီမိတ် စားသောက်ကုန်များ တို့ဖြစ်ပါတယ်။\nပြည့်ဝဆီ စားသုံးမှုဟာ တစ်ရက်မှာ ကိုယ်စားနေတဲ့ စုစုပေါင်းကယ်လိုရီ၏ ၁၀%ထက် မပိုသင့်သောကြောင့် ၁၅၀၀ကယ်လိုရီ စားသုံးသည့် လူတစ်ဦးအတွက် အတွက်ဆိုလျှင် ပြည့်ဝဆီ စားသုံးမှု ကယ်လိုရီသည် ၁၅၀ ကယ်လိုရီ (၁၆ ဂရမ်) ထက် မကျော်သင့်ပါ။\nအသွင်ပြောင်းဆီ ပါတဲ့အစားအစာများမှာ -\nပြန်ကြော်ဆီ အစားအစာများ (အီကြာကွေး၊ စမူဆာကြော်၊ ဘယာကြော်၊ ဖက်ထုပ်ကြော်၊ အာလူးချောင်းကြော်)၊ ကိတ်မုန့်၊ဒိုးနပ်၊ရေခဲမုန့်၊ fast food များဖြစ်တဲ့ ကြက်ကြော်၊ ပီဇာ၊ ဟမ်ဘာဂါ တို့်ဖြစ်ပါသည်။\nအသွင်ပြောင်းဆီ စားသုံးမှုဟာတစ်ရက်ကို ၂ဂရမ်ထက် မပိုသင့်သောကြောင့် ကယ်လိုရီအားဖြင့် ၂၀ကယ်လိုရီထက် ပိုမစားသင့်ပေ။\nဆီးချိုလူနာများ ကျန်းမာရေးနဲ့ ညီညွတ်အောင် ဘယ်လိုအဆီ အမျိုးအစားကို ရွေးပြီး စားသုံးမလဲ?\nUnsaturated Fats ဟုခေါ်သော မပြည့်ဝဆီတွင် Monounsaturated Fatty Acids (MUFAs) နှင့် Polyunsaturated Fatty Acids (PUFAs) တို့ ပါဝင်ပြီး ကျန်းမာရေးနှင့် ညီညွတ်သော အဆီအမျိုးအစား အဖြစ် သတ်မှတ်ထားပါသည်။\n\nမိုနို မပြည့်ဝဆီ (Monounsaturated Fats) ကြွယ်ဝသောအစားအစာများမှာ -\n\nထောပတ်သီး၊ အခွံမာသီး (Macadamia)၊အပင်နှင့်အစေ့အဆံများမှထုတ်လုပ်ထားသောအဆီများ (နေကြာဆီ၊ သံလွင်ဆီ၊ မြေပဲဆီ၊ ပဲပိစပ်ဆီ၊ သံလွင်ဆီ၊ နှမ်းဆီ၊ ကန်နိုလာဆီ) တို့ဖြစ်ပါသည်။\n\nပေါ်လီ မပြည့်ဝဆီ (Polyunsatruated Fats) ကြွယ်ဝသောအစားအစာများမှာ -\n\nအိုမီဂါ-၃ ဖက်တီးအက်ဆစ် အထူးကြွယ်ဝသော အဆီများသောပင်လယ်ငါးများ (ငါးတန်၊ ငါးမြင်း၊ ငါးကြင်း၊ဆော်လမွန် ၊ တူနာ၊ ဆာဒင်း)၊ နှမ်းကြတ်စေ့(Flax seed)၊ အိုမီဂါ-၆ ဖက်တီးအက်ဆစ် အထူးကြွယ်ဝသော နေကြာစေ့၊ ဖရုံစေ့၊ သစ်ကြားစေ့၊ နှမ်းစေ့၊ သီဟိုစေ့၊ ဗာဒံစေ့၊ ပဲပိစပ်ဆီ၊ နေကြာဆီ၊ ပြောင်းဖူးဆီ နှင့် တိုဟူး၊ ပဲပြားတို့ဖြစ်ပါသည်။', 'prevent.jpg'),
(14, 'မျက်စိကျန်းမာရေးအတွက် အထောက်အကူပြုသောအာဟာရဓာတ်များအကြောင်း', 'Beta-carotene(ဗီတာမင်အေအမျိုးအစား)\n\nမျက်ကြည်လွှာ(cornea)စိုစွတ်မှုကိုထိန်းပေးပြီး မျက်ခမ်းခြောက်ခြင်း(Dry Eye)မဖြစ်အောင်ကာကွယ်ပေးထားသော anti-oxidant (ဓာတ်တိုးဆန့်ကျင်ပစ္စည်း)ဖြစ်ပါတယ်။ Beta-carotene ကိုအစားအစာများမှတဆင့် ခန္ဓာကိုယ်မှစုပ်ယူပြီး Provitamin A အဖြစ်ပြောင်းလဲနိုင်သောကြောင့် vitamin A ချို့တဲ့ခြင်းဟာရှားသော်လည်း အထက်တွင်ဖော်ပြသောအစားအစာများကိုပါဝင်အောင်မစားနိုင်သူများ၊အသည်းရောဂါ၊အူလမ်းကြောင်းစုပ်ယူမှုပြသနာရှိသူများတွင် Vitamin Aချို့တဲ့ခြင်းကြောင့် ညဘက်အမြင်အာရုံချို့တဲ့ခြင်း(night blindness)၊မျက်ရည်ခြောက်ခြင်း(Dry Eye Syndrome)၊ အမြင်အာရုံဆုံးရှုံးခြင်းအထိပါဖြစ်နိုင်ပါသည်။\n\nBeta-carotene ကို carotenoids ကြွယ်ဝသောအစားအစာများမှရရှိသည့်အပြင် အသည်း၊အသား၊ငါး၊နို့နှင့်နို့ထွက်ပစ္စည်းများမှလည်း Vitamin A ကိုရရှိနိုင်ပါသည်။ သတိပြုရန်အချက်မှာအချို့သောလူများသည် မျက်စိကျန်းမာရေးအတွက် မုန်လာဥနီဖျော်ရည်နေ့စဉ်ကြိတ်သောက်ခြင်းများပြုလုပ်လေ့ရှိသောကြောင့် အသားအရောင်ဝါလာခြင်းများဖြစ်ပေါ်သောကြောင့် အစားအစာတစ်မျိုးတည်းကိုအလွန်အကျွံစားသုံးခြင်းမပြုလုပ်ရန်အကြံပေးချင်ပါတယ်။\n\nဆေးလိပ်၊ဆေးရွက်ကြီးသောက်သုံးနေသူများ၊ဖြတ်ထားသည်မှာ၁နှစ်ထက်မပိုသောသူများသည် Vitamin A နှင့် beta-carotene ပမာဏများသောမျက်စိအာဆေးများကို စွဲသောက်ပါကအဆုတ်ကင်ဆာဖြစ်ပွားနိုင်သောကြောင့် ဆရာဝန်နှင့်တိုင်ပင်ပြီးမှသာသောက်သုံးသင့်ပါသည်။\n\nVitamin C\nမျက်ကြည်လွှာ၏ကော်လာဂျင်တည်ဆောက်မှု နှင့် မျက်စိ၏အာရုံခံလွှာသွေးကြောအသေးများဖွဲ့စည်းမှုအတွက် မရှိမဖြစ်အရေးပါသော ဗီတာမင်တစ်မျိုးဖြစ်သည်။ ဗီတာမင် C ၃၀၀မီလီဂရမ် နေ့စဉ်မှီ်ဝဲပါက အတွင်းတိမ်မဖြစ်အောင်ကာကွယ်ပေးသည့်အပြင် ရောဂါဆက်ဆိုးဝါး မှုမဖြစ်အောင်သုံးပုံတစ်ပုံထိလျှော့ချပေးနိုင်ကြောင်း ခိုင်မာသောဆေးသုတေသန အချက်အလက်များကဖော်ပြထားပြီးဖြစ်ပါသည်။\n\nVitamin C ကိုချဉ်သောသစ်သီးဝလံများ၊ ဘယ်ရီသီး၊လိမ္မောသီး၊နာနတ်သီး၊ရှောက်ချိုသီး၊ခရမ်းချဉ်သီး၊ သဘောင်္သီး၊သရက်သီး၊မာလကာသီးအစရှိသည်)၊ အစိမ်းရောင်ဟင်းသီးဟင်းရွက်များ၊ အာလူး၊ကန်စွန်းဥ၊ ကြာစွယ် စသည့်သဘာဝအစားအစာများကို နေ့စဉ်ပါဝင်အောင်စားသုံးပေးခြင်းဖြင့် အမြင်အာရုံပိုမိုအားကောင်းစေပါသည်။\n\nVitamin E\nမျက်လုံးအတွင်းပိုင်းရှိဆဲလ်တစ်ရှူးများကိုဖျက်ဆီးသော မကောင်းသောဓာတ်တိုးပစ္စည်းများ (Free Radicals) ကို တားဆီးပေးနိုင်တာကတော့antioxidantတစ်မျိုးဖြစ်ပါတယ်။\n\nVitamin E ကြွယ်ဝသော ဂျုံစပါးအဆီ(wheat germ oil)၊မြေပဲ၊နေကြာစေ့၊ဗာဒံစေ့၊အစေ့အဆံများနှင့်ဟင်းသီးဟင်းရွက်မှ ထုတ်လုပ်ထားသောအဆီများ၊အစိမ်းရင့်ရောင်ရှိသော ဟင်းသီးဟင်းရွက်များအပြင် ကီဝီ၊သဘောင်္သီး၊ခရမ်းချဉ်သီး တို့ကိုမျှတစွာစားသုံးပေးခြင်းဖြင့် အမြင်အာရုံပျက်စီးခြင်းကို အတော်အတန်ကာကွယ်နိုင်ပါတယ်။\n\nZinc(ဇင့်)\nမျက်စိကျန်းမာရေးအတွက်မဖြစ်မနေလိုအပ်သော အကူအညီပေးသည့်သတ္ထုဓာတ်တစ်မျိုးဖြစ်ပါတယ်။ ဘာကြောင့်လဲဆိုတော့ အသည်းတွင်သိုလှောင်ထာသော Vitamin A ကို retina သို့ပို့ဆောင်ပေးပြီးမျက်လုံးကိုအကာကွယ်ပေးသောရောင်ခြယ် (Melanin)ထုတ်လုပ်ရာတွင်လည်းပါဝင်နေပါတယ်။ ဇင်ဓာတ့်ဟာ retina အောက်ရှိသွေးကြောတစ်ရှူးလွှာပြင်များတွင်အများအပြားရှိပါ တယ်။ ထိုအရေးကြီးသောဇင့်ဓာတ်ချို့တဲ့လျှင် ညအမှောင်တွင်သဲကဲစွာမမြင်ရခြင်း၊ အမြင်မှုန်ဝါးခြင်းများဖြစ်ပေါ်နိုင်သောကြောင့် ဇင့်ဓာတ်ပါဝင်သည့်အစားအစာများ အသား၊ငါး၊ပင်လယ်စာ၊ ပဲဆံခြောက်၊အစေ့အဆံများ၊ဒိန်ချဉ်၊နို့ အစရှိသည်တို့ကို ပါဝင်အောင်စားသုံးရန်လိုအပ်လှပါတယ်။', 'beta.jpg'),
(15, 'Nutriton in ill child', 'နေမကောင်းတဲ့အချိန်မှာ ကလေးငယ်များအတွက် အာဟာရပြည့်ဝအောင် ကျွေးခြင်း၏ အရေးကြီးပုံကို ဖော်ပြလိုက်ပါတယ်။\n\nဖျားနာနေစဉ်အတွင်း\nအသက် (၆)လအောက် ကလေးများတွင် မိခင်နို့ တစ်မျိုးတည်းကိုသာ အကြိမ်ရေများ၍သော်လည်းကောင်း၊ အချိန်ကြာကြာတိုက်ကျွေးခြင်း သော်လည်းကောင်း ပြုလုပ်ပေးပါ။ ကလေးငယ် မိခင်နို့ကို ကောင်းစွာစို့ရန် အခက်အခဲရှိပါက ညှစ်ထားသော မိခင်နို့ကို ဇွန်းဖြင့်ဖြစ်စေ တိုက်ကျွေးနိုင်ပါသည်။\n\nအသက် ၆လအထက်ကလေးများတွင် မိခင်နို့ကို အထက်တွင် ဖော်ပြထားသည့် အတိုင်း ဆက်လက် တိုက်ကျွေးရမည့်အပြင် ဖြည့်စွက်စာကို အာဟာရပြည့်ဝပြီး အင်အားဓာတ် အပြည့်ဝပါအောင် ချက်ပြုတ်ပြင်ဆင်ပေးရန် လိုအပ်ပါသည်။ ဖျားနေစဉ်အတွင်း ကလေးငယ်သည် အစားအသောက်ပျက်ပြီး ပုံမှန်ထက် အစားနည်းခြင်းကြောင့် တစ်ခါကျွေးလျှင် ပမာဏအနည်းငယ်နှင့် အကြိမ်ရေ များများများကျွေးပါ။ ကလေးကြိုက်နှစ်သက်သော အစားအစာများကို နူးညံ့ပျော့ပျောင်းပြီး အလွယ်တကူ မျိုချနိုင်အောင် ချက်ပြုတ်ပြင်ဆင်ပေးပါ။ (သတိပြုရန်- ကျွေးမည့်အစားအစာ သို့မဟုတ် နို့ကို ရေအများအပြားရောပြီး ကျဲအောင်မပြုလုပ်ရန်။) အတင်းအကြပ်မစားစေပဲ စိတ်ရှည်ရှည်နှင့် ဖြည်းဖြည်းချင်းကျွေးပါ။\n\nဝမ်းပျက်ဝမ်းလျှောဖြစ်ချိန်တွင်\nကော်ဖီ၊ လက်ဖက်ရည်၊ သကြားပါသော အချိုရည်၊ ဆိုဒါ၊ သစ်သီးဖျော်ရည်များ မတိုက်သင့်ပါ။\n\nသွေးလွန်တုပ်ကွေးရောဂါဖြစ်လျင် ရောဂါကြောင့် ကော်ဖီရောင် အန်ခြင်းနှင့် မှားနိုင်သောကြောင့် အညိုရောင်၊ အမဲရောင်ရှိသောအစားအစာများ (ဥပမာ အိုဗာတင်း၊ မိုင်လို၊ ကော်ဖီ၊ လက်ဖက်ရည်၊ ချောကလက်ဖျော်ရည်) များကို ရှောင်ပါ။\n\nနာလန်ထစအချိန်တွင်\nကလေးအများစုသည် ဆုံးရှုံးသွားသော ရေဓာတ်၊ အာဟာရဓာတ်များ ပြန်လည်ဖြည့်တင်းရန်နှင့် ကိုယ်အလေးချိန်ပြန်တက်ရန် အာဟာရပြည့်ဝသော အစားအသောက်များကို ပုံမှန်ထက် အကြိမ်ရေတိုးကျွေးရန် အရေးကြီးသည်။ အနည်းဆုံး (၂) ပတ်ထိနေ့စဉ် ၁ကြိမ်-၂ကြိမ် (ကလေး အစားစားချင်စိတ်ပေါ် မူတည်ပြီး) ကိုယ်အလေးချိန် ပြန်တက်သည့်အချိန်အထိ ဆက်လက်ကျွေးရပါမည်။ ကလေးငယ်များ အစားအသောက်ပျက်စဉ် စားသုံးသည့် ပမာဏနည်းသွားသည်မှာ ပုံမှန်ဖြစ်တတ်လေ့ရှိသောကြောင့် စားသုံးသောပမာဏ အနည်းငယ်တွင် အင်အား(ကယ်လိုရီ) ပိုပါစေရန် အစားအသောက်များကို ပြင်ဆက်ချက်ပြုတ်ရာတွင် အဆီဓာတ်အုပ်စု အစားအစာများ (ဆီ၊ ထောပတ်၊ ချိစ်၊ မာဂျရင်း၊ ထောင်းထားသော အစေ့အဆံများ) ကိုထည့်ခြင်းဖြင့် ကလေးတစ်ရက်တာ လိုအပ်သော စွမ်းအင်ပြည့်ဝရန ပိုမိုလွယ်ကူစေပါသည်။\n\nအယူအဆအမှားများ\nကလေးနေမကောင်းလျှင်၊ ဝမ်းလျှောနေစဉ် မိခငနို့တိုက်ခြင်း၊ အစာကျွေးခြင်းများကို ကန့်သတ်ခြင်း၊ ပမာဏနှင့် အကြိမ်ရေကို လျှော့ချခြင်း၊ ကျွေးမည့်အစားအစာ/နို့ စသည်တို့ကို ရေကျဲကျဲပြင်ဆင်ခြင်းတို့သည် အာဟာရဓာတ်ဆုံးရှုံးမှုနှင့်ကိုယ်အလေးကျပိုမိုကျဆင်းစေပြီး နေမကောင်းသည့် အချိန်ကာလကိုပါ ပိုမိုကြာမြင့်စေပါသည်။', 'sickbaby.jpg'),
(16, 'ကလေးငယ်များနှင့် အစာဂျီးများခြင်း', 'ဘယ် အသက်အရွယ်မှာ အစာဂျီးများခြင်း အများဆုံးဖြစ်တတ်သလဲ။\n\nအသက်၁နှစ်ကျော်မှစပြီး လမ်းလျှောက်ခါစအရွယ်(၁နှစ်-၃နှစ်)နှင့် မူကြိုအရွယ် (၃နှစ်-၅နှစ်) ကလေးလေးတွေမှာ အများဆုံးဖြစ်လေ့ရှိပါတယ်။\n\nအစာဂျီးများခြင်းက်ို ပိုဆိုးစေသောအချက်များက ဘာလဲ?\nဆူပူကြိမ်းမောင်းခြင်း\nအတင်းအကျပ် ထမင်းကုန်အောင် စားစေခြင်း\nဆုပေးဒဏ်ပေးစနစ်ကျင့်သုံးရာတွင်လည်း ကျန်းမာရေးနှင့်မညီညွတ်သောမုန့်များ (ရေခဲမုန့်၊အချိုရည်၊ချောကလက်၊အချိုမုန့်များ၊ပီဇာ၊ကြက်ကြော်) အစရှိသည်တို့နှင့်ပြုလုပ်ပါက ထိုအစားအစာများကိုပဲ ပိုမိုစွဲလမ်းစေပြီး အစာဂျီးများခြင်းကိုသာ ပိုမိုဆိုးရွားစေနိုင်ပါသည်\nထို့အပြင် ထမင်းစားချိန်မတိုင်ခင် သစ်သီးဖျော်ရည်၊နွားနို့၊အချိုရည် အစရှိသည့်အရည်သောက်သုံးထားသောကြောင့်ဗိုက်ဝနေပြီး ထမင်းစားချိန်တွင်ထမင်းကောင်းကောင်းမစားခြင်း၊စားရန်ဂျီကျခြင်းတို့ဖြစ်ပေါ်တတ်ပါသည်\nဒါ့ကြောင့်ထမင်းစားချိန်မတိုင်ခင် နို့၊အချိုရည်၊သစ်သီးဖျော်ရည်တိုက်ခြင်းကိုတတ်နိုင်သမျှရှောင်ကြဉ် သင့်ပါသည်။\nအချို့ကလေးငယ်များတွင် အစားအသောက် ပြင်ဆင်မှုပုံစံပြောင်းလဲမှုကို မကြိုက်ပါက ထိုအစားအစာကို စားသုံးရန်ငြင်းဆန်သည့် ထူးခြားသော အမူအကျင့်လေးတွေ ရှိတတ်ကြသည်။\nဥပမာ- ပေါင်မုန့်ဘေးသားအပိုင်းကို မနှစ်သက်သောကလေးကို ပေါင်မုန့်ဘေးသားဖယ်ပြီး မကျွေးမိခြင်း၊\nအသားညှပ်ပေါင်မုန့်ကို ပုံမှန်တြိဂံပုံစံကျွေးနေရာမှလေးထောင့်ပုံစံ ပြောင်းကျွေးမိခြင်း၊\nပုံမှန် ပန်းဂေါ်ဖီစိမ်းစားသော်လည်း ပန်းဂေါ်ဖီစိမ်းအရိုးပါသွားလျှင် မစားတော့ခြင်း အစရှိသည့် ပုံမှန်ချိန် နှစ်သက်စွာ စားသော်လည်း ရုတ်တရက် ထိုအစားအစာကိုစားရန် ငြင်းဆန်တတ်ကြပါသည်။\nထို့ကြောင့် တူညီသောအစားအစာ ဖြစ်ပေမဲ့ ကွဲပြားစွာတုံံ့ပြန်တတ်သော ကလေးငယ်များ၏ အမူအကျင့်ကိုဖေဖေ၊မေမေတို့ သတိပြုမိရန်လည်း လိုအပ်ပါသည်။\n\nအစာဂျီးများခြင်းကြောင့်နောက်ဆက်တွဲဘာတွေဖြစ်နိုင်သလဲ?\nအစာဂျီးများသည့်ကလေးငယ်အများစု စားရန်ငြင်းဆန်သည့်အစားအစာမှာ အသား၊ငါး၊ဟင်းသီးဟင်းရွက်တို့ဖြစ်ပါသည်။\n\nဟင်းသီးဟင်းရွက်အစားနည်းသည့် ကလေးတွေမှာ ၀မ်းချုပ်ခြင်းပြသနာအဓိကဖြစ်ပေါ်နိုင်ပါသည်။\n\nအသား၊ငါးမစားသာကလေးများတွင် ဇင့်(zinc)နှင့် သံဓာတ်(iron)ချို့တဲ့မှုပြသနာများရေရှည်တွင်ဖြစ်လာနိုင်ပါသည်\n\nအစာဂျီးများခြင်း လျော့နည်းပပျောက်အောင် ဘာတွေလုပ်လို့ရသလဲ?\nအတင်းအကျပ်အစာကုန်အောင်ကျွေးမည့်အစား အားပေးကူညီပါ။\nသင်ကိုယ်တိုင်စံပြအဖြစ်လမ်းပြ ပြုမူဆောင်ရွက်ပါ။ (မိဘကိုယ်တိုင်က ဟင်းသီးဟင်းရွက်အသီးအနှံ မစားပဲနေပါက မိမိကလေးတွင် ဟင်းသီးဟင်းရွက် မကြိုက်သည်မှာ မထူးဆန်းပါ။ မိမိကလေး အစားအစာတစ်ခု ကြိုက်ခြင်းမကြိုက်ခြင်းသည် မိဘ(သို့)ကလေးငယ်ကိုအနီးကပ်ပြုစုစောင့်ရှောက်သူများ၏ စားသောက်မှုပုံစံ ပေါ်တွင်လည်းများစွာ မူတည်နေသောကြောင့် မိမိကိုယ်တိုင်က ရှေ့ဆောင်လမ်းပြအဖြစ် စားသုံးပေးမှသာ ထိုအစားအစာကိုလက်ခံစားသုံး လာပေမည်)\nအစားအစာအသစ်တစ်ခုကို စတင်ကျွေးမွေးရာတွင် အလွယ်တကူ လက်မခံတတ်သည်မှာ ကလေးအများစု၏ ပုံမှန်စရိုက်လက္ခဏာ ဖြစ်သည်။\nအနည်းဆုံးအကြိမ် ၁၅-၂၀မှသာ ထိုအစားအစာကို စတင်လက်ခံတတ်သည်။\nမိသားစုထမင်းဝိုင်းတွင် ကလေးငယ်က်ိုပါ ၀င်စားသုံးစေပါ။ ကလေးငယ်အတွက်သီးသန့်ထမင်း၊ဟင်းမဖြစ်စေပဲ လူကြီးစားသုံးသော ပန်းကန်တွင်ပါသော အစားအစာများသည် ကလေးပန်းကန်တွင်ပါသောအစားအစာများနှင့် နီးနပ်စွာတူညီသင့်သည်။\nထမင်းစားချိန်ကို ပျော်ရွှင်ဖွယ်ကောင်းသော ပတ်၀န်းကျင်အနေအထားဖြစ်အောင် (ဥပမာ-TV,Ipad ပြခြင်းဖြင့် မဟုတ်ပဲ ကလေးနှင့်စကားပြောပေးခြင်း၊ သီချင်းဆိုပြခြင်း၊ ပုံပြင်စာအုပ်ဖတ်ပြပေးခြင်း) တို့သည် ကလေးငယ်အတွက် ပျော်ရွှင်စရာကောင်းသော ထမင်းစားချိန်ဖြစ်စေသည်။\nဖေဖေမေမေတို့က ကလေးအစာစားချိန် ၊စားရမည့်နေရာ၊ ကျွေးမည့်အစားအစာတို့ကို ဆုံးဖြတ်ပြီး မိမိကလေးငယ်ကို အစာစားမည်၊မစားမည် ဆုံးဖြတ်ပိုင်ခွင့်နှင့် စားသုံးနိုင်သည့်ပမာဏကို လွတ်လပ်စွာ ဆုံးဖြတ်ပိုင်ခွင့် ပေးထားခြင်းအားဖြင့် ကလေးငယ် အစာဂျီးများခြင်းကို မြန်မြန်အဆုံးသတ်စေနိုင်ပါသည်။\nအထက်ပါ အချက်အလက်များကို ဖေဖေ၊မေမေနှင့် ကလေးကို အနီးကပ်ပြုစုစောင့်ရှောက်သူ များမှ ဝိုင်း၀န်းလုပ်ဆောင်ပေးခြင်းဖြင့် ကလေးငယ်အများစုသည် အစာဂျီးများခြင်း တဖြည်းဖြည်းလျော့နည်းလာပြီး အစားအစာမျိုးစုံကို လက်ခံစားသုံးလာလေ့ရှိသည်။\nသို့ရာတွင် အထက်ပါအချက်များကို လုပ်ဆာင်သော်လည်း အချိန်ကာလတစ်ခုအထိ မတိုးတက်လာပဲအစာဂျီးများခြင်း ပိုဆိုးလာခြင်း၊ ကိုယ်အလေးချိန်ကျလာခြင်း၊ ကိုယ်အလေးချိန် တက်သင့်သလောက် မတက်ခြင်း တို့သည် ကလေးရေရှည်တွင် အာဟာရဓာတ်ချို့တဲ့ခြင်းနှင့် ဖွံ့ဖြိုးမှုဆိုင်ရာတွင် ထိခိုက်နိုင်ခြင်းတို့ဖြစ်ပေါ်လာနိုင်သည့်အတွက် ၄င်းအခြေအနေများတွင် ကလေးအထူးကုဆရာ၀န်၊ အာဟာရဆရာ၀န်များနှင့် ဆွေးနွေးပြသသင့်ပါသည်။', 'baby.jpg');
INSERT INTO `blogs` (`id`, `title`, `content`, `image`) VALUES
(20, 'ARRHYTHMIA AND ABLATION', 'နှလုံးခုန် မမှန်ခြင်းကို Arrhythmia ဟုခေါ်သည်။ ပုံမှန်မဟုတ်သော နှလုံးခုန်ခြင်းကြောင့် ရင်တုန်ခြင်း၊မောခြင်း၊....\r\n\r\nနှလုံးခုန် မမှန်ခြင်းကို Arrhythmia ဟုခေါ်သည်။ ပုံမှန်မဟုတ်သော နှလုံးခုန်ခြင်းကြောင့် ရင်တုန်ခြင်း၊မောခြင်း၊ရင်ဘတ်အောင့်ခြင်းနှင့် မေ့လဲခြင်း စသည်တို့ ဖြစ်တတ်ပါသည်။\r\n\r\nနှလုံးခုန် မမှန်ခြင်း ဘယ်နှစ်မျိုး ရှိပါသလဲ။\r\nနှလုံးရှိ လျှပ်စီးပတ်လမ်းကြောင်း တစ်နေရာတွင် အပိုလျှပ်စီးကြောင်း ဖြစ်ပေါ်လာရာမှ နေရာပေါ်မူတည်၍ ကွဲပြားသည်။ နှလုံးရှိ အပေါ်သွေးဝင်ခန်းတွင်လည်းကောင်း၊အောက်ရှိ သွေးလွှတ်ခန်းတွင်လည်းကောင်း ဖြစ်နိုင်သည်။နှလုံးလျှက်စီးပတ်လမ်းကို အောက်ပါ ပုံတွင်ကြည့်နိုင်သည်။\r\n\r\nနှလုံးခုန် မမှန်ခြင်းကို မည်သို့ကုသနိုင်ပါသလဲ။\r\nသင့်နှလုံးရှိ အပိုပါသောလျှပ်စီးကြောင်းကြောင့် ဖြစ်ပေါ်လာသော နှလုံးခုန်မမှန်ခြင်းပေါ်မူတည်၍ ဆေးဖြင့် ကုသခြင်းဖြစ်စေ၊ Catheter ablation ဟုခေါ်သော ရေဒီယိုလှိုင်းဖြင့် လျှပ်စီးပတ်လမ်း ဖြတ်တောက် ပေးခြင်းဖြစ်စေ သင့်လျော်သောကုသမှုကို နှလုံးအထူးကု ဆရာဝန်မှ ဆုံးဖြတ်ပေးမည်ဖြစ်သည်။\r\n\r\nရေဒီယိုလှိုင်းဖြင့် လျှပ်စီးပတ်လမ်း ဖြတ်တောက်ပေးခြင်းဆိုတာဘာလဲ။\r\nသေးငယ်၍ ပျော့ပျောင်းသော ပိုက်ကို ပေါင်ခြံ (သို့မဟုတ်) လည်ပင်းမှနေ၍ နှလုံးသို့ရောက်အောင် ထည့်ခြင်းဖြင့် ပြုလုပ်သော နည်းလမ်းဖြစ်သည်။ ပိုက်၏ ထိပ်ဖြင့် မူမမှန်သော နေရာများမှ နှလုံးစည်းချက်များ ကို ရှာဖွေသိရှိနိုင်ခြင်း ကို Electrophysiology Study (EPS) ဟုခေါ်သည်။ လျှပ်စီးပတ်လမ်းကို ဖြတ်တောက်ပေးခြင်းတွင် လျှပ်စီးကြောင်းပွင့်အောင်လုပ်ခြင်းနှင့် အပိုလျှပ်စီးကြောင်းကို ပိတ်ခြင်းဟူ၍ ပြုလုပ်နိုင်ပါသည်။\r\n\r\nရေဒီယိုလှိုင်းဖြင့် လျှပ်စီးပတ်လမ်း ဖြတ်တောက်ပေးခြင်းကို မည်သို့ပြုလုပ်ပါသလဲ။\r\nCardiac Catheterization Lab ဟုခေါ်သော နှလုံးသွေးကြောချဲ့ဌာနတွင် ပြုလုပ်ပါသည်။ သင်သည် သွေးကြောချဲ့သည့် အခန်းရှိ ခုတင်တွင် လှဲလျောင်းနေရမည်ဖြစ်ပြီး နာကျင်မှုကင်းဝေးစေရန် ထုံဆေးပေးမည် ဖြစ်ပါသည်။ ထို့နောက် သေးငယ်သော ပိုက်အား ပေါင်ခြံ (သို့မဟုတ်) လည်ပင်းရှိ သွေးကြောမှတစ်ဆင့် နှလုံးသို့ ထည့်မည်ဖြစ်သည်။ ကုသမှုသည် နာရီ အနည်းငယ်ခန့် ကြာမြင့်နိုင်ပြီး ရံဖန်ရံခါ မအီမသာခံစားရ တတ်ပါသည်။ ကုသပြီးလျှင်လည်း မိမိနှလုံးခုန်သံကို ရက်သတ္တပတ်ခန့်ထိသိရှိနေမည် ဖြစ်သည်။ ကုသမှု အောင်မြင်လျှင် ပုံမှန်ပြန်ဖြစ်သွားမည်ဖြစ်ပြီး နောက်ထပ်နှလုံးခုန် မမှန်ခြင်းများ ထပ်မဖြစ်နိုင်တော့ပေ။\r\n\r\nရေဒီယိုလှိုင်းဖြင့် ကုသပြီးနောက် နှလုံးပုံမှန်ပြန်ဖြစ်သွားမှာလား။\r\nများသောအားဖြင့် ရေဒီယိုလှိုင်းဖြင့်ကုသခြင်း နှလုံးခုန်မမှန်သော ရောဂါများကို ပျောက်ကင်းစေနိုင်ပြီး သောက်ဆေးများ ထပ်သောက်ရန် မလိုအပ်တော့ပါ။ ယခု သင့်နှလုံးအခြေအနေပေါ် မူတည်၍ ရေဒီယိုလှိုငိးဖြင့် ကုသခြင်းသည် အကောင်းဆုံးနည်းလမ်းဖြစ်သည်ဟု သင်၏ဆရာဝန်မှ ဆုံးဖြတ်ပြီး ဖြစ်ပါသည်။ သို့ရာတွင် သတိချပ်ရမည်မှာ ကုသမှုပြီးသော်လည်း သင်၏ရောဂါသည် မုချပျောက်ကင်းမည်ဟူ၍ အာမမခံနိုင်ခြင်းပင် ဖြစ်သည်။\r\n\r\nနှလုံးလျှပ်စီးပတ်လမ်း ဖြတ်တောက်ခြင်းနှင့် ဆက်စပ်သော အန္တရာယ်များရှိပါသလား။\r\nကုသမှုတိုင်းတွင် ၎င်းနှင့် ဆက်စပ်အန္တရာယ်များ ရှိစမြဲဖြစ်သည်။ သင်၏ဆရာဝန်သည် ထိုအချက်များနှင့် ပတ်သက်၍ အသေးစိတ်ရှင်းပြမည်ဖြစ်သည်။ အဖြစ်များသော အန္တရာယ်များမှာ-\r\n\r\n၁။ အပ်ထည့်သောနေရာတွင် သွေးခြေဥခြင်း။\r\n\r\n၂။ သွေးကြော (သို့မဟုတ်) နှလုံးသို့ ထိခိုက်နိုင်ခြင်း။\r\n\r\n၃။ လေဖြတ်တတ်ခြင်း။\r\n\r\n၄။ ဓါတ်ရောင်ခြည်သင့်နိုင်ခြင်း စသည်တို့ ဖြစ်ပါသည်။\r\n\r\nကုသမှုပြီးလျှင် အိမ်ပြန်နိုင်ပါသလား။\r\nကုသမှုပြီးသောအခါ သင်၏နှလုံးအခြေအနေကို စောင့်ကြည့်ရန်အတွက် ဆေးရုံတွင် နေရမည်ဖြစ်သည်။ စိတ်ချရသော အခြေအနေရောက်မှ သင့်ဆရာဝန်မှ အိမ်သို့ ပြန်ခိုင်မည်ဖြစ်သည်။\r\n\r\nကုသမှုပြီး ပြီးချင်း ဆောင်ရန် ရှောင်ရန်များမှာ အဘယ်နည်း။\r\nကုသမှုပြီး ပြီးချင်း ကုတင်ပေါ်တွင် နည်းနည်းမှ မလှုပ်ဘဲ ၂နာရီ မှ ၆နာရီ ကြာအောင် နားနေရမည်။ ထို့နောက် အနည်းငယ်လှုပ်ရှားမှုပြုနိုင်ပြီး ခွဲထားသည့်အနာအား နောက်နေ့မနက်တွင် လာရောက်ဆေးထည့်ပြီး နောက် ရေချိုးနိုင်ပါမည်။ ခွဲစိတ်ထားသည့် လက်/ခြေထောက်မှနာခြင်း၊ ထုံခြင်း၊ ကျဉ်ခြင်း၊သွေးထွက်ခြင်း များရှိပါက ဆရာဝန်/ ဆရာမများအား အကြောင်းကြားပါ။ ခွဲစိတ်ထားသည့် လက်/ခြေထောက်အား ၂၄နာရိ အတွင်း လှုပ်ရှား သိပ်မလုပ်ရန်၊ နှလုံးခုန် မမှန်ခြင်းကို Arrhythmia ဟုခေါ်သည်။ ပုံမှန်မဟုတ်သော နှလုံးခုန်ခြင်းကြောင့် ရင်တုန်ခြင်း၊မောခြင်း၊....\r\n\r\nနှလုံးခုန် မမှန်ခြင်းကို Arrhythmia ဟုခေါ်သည်။ ပုံမှန်မဟုတ်သော နှလုံးခုန်ခြင်းကြောင့် ရင်တုန်ခြင်း၊မောခြင်း၊ရင်ဘတ်အောင့်ခြင်းနှင့် မေ့လဲခြင်း စသည်တို့ ဖြစ်တတ်ပါသည်။\r\n\r\nနှလုံးခုန် မမှန်ခြင်း ဘယ်နှစ်မျိုး ရှိပါသလဲ။\r\nနှလုံးရှိ လျှပ်စီးပတ်လမ်းကြောင်း တစ်နေရာတွင် အပိုလျှပ်စီးကြောင်း ဖြစ်ပေါ်လာရာမှ နေရာပေါ်မူတည်၍ ကွဲပြားသည်။ နှလုံးရှိ အပေါ်သွေးဝင်ခန်းတွင်လည်းကောင်း၊အောက်ရှိ သွေးလွှတ်ခန်းတွင်လည်းကောင်း ဖြစ်နိုင်သည်။နှလုံးလျှက်စီးပတ်လမ်းကို အောက်ပါ ပုံတွင်ကြည့်နိုင်သည်။\r\n\r\nနှလုံးခုန် မမှန်ခြင်းကို မည်သို့ကုသနိုင်ပါသလဲ။\r\nသင့်နှလုံးရှိ အပိုပါသောလျှပ်စီးကြောင်းကြောင့် ဖြစ်ပေါ်လာသော နှလုံးခုန်မမှန်ခြင်းပေါ်မူတည်၍ ဆေးဖြင့် ကုသခြင်းဖြစ်စေ၊ Catheter ablation ဟုခေါ်သော ရေဒီယိုလှိုင်းဖြင့် လျှပ်စီးပတ်လမ်း ဖြတ်တောက် ပေးခြင်းဖြစ်စေ သင့်လျော်သောကုသမှုကို နှလုံးအထူးကု ဆရာဝန်မှ ဆုံးဖြတ်ပေးမည်ဖြစ်သည်။\r\n\r\nရေဒီယိုလှိုင်းဖြင့် လျှပ်စီးပတ်လမ်း ဖြတ်တောက်ပေးခြင်းဆိုတာဘာလဲ။\r\nသေးငယ်၍ ပျော့ပျောင်းသော ပိုက်ကို ပေါင်ခြံ (သို့မဟုတ်) လည်ပင်းမှနေ၍ နှလုံးသို့ရောက်အောင် ထည့်ခြင်းဖြင့် ပြုလုပ်သော နည်းလမ်းဖြစ်သည်။ ပိုက်၏ ထိပ်ဖြင့် မူမမှန်သော နေရာများမှ နှလုံးစည်းချက်များ ကို ရှာဖွေသိရှိနိုင်ခြင်း ကို Electrophysiology Study (EPS) ဟုခေါ်သည်။ လျှပ်စီးပတ်လမ်းကို ဖြတ်တောက်ပေးခြင်းတွင် လျှပ်စီးကြောင်းပွင့်အောင်လုပ်ခြင်းနှင့် အပိုလျှပ်စီးကြောင်းကို ပိတ်ခြင်းဟူ၍ ပြုလုပ်နိုင်ပါသည်။\r\n\r\nရေဒီယိုလှိုင်းဖြင့် လျှပ်စီးပတ်လမ်း ဖြတ်တောက်ပေးခြင်းကို မည်သို့ပြုလုပ်ပါသလဲ။\r\nCardiac Catheterization Lab ဟုခေါ်သော နှလုံးသွေးကြောချဲ့ဌာနတွင် ပြုလုပ်ပါသည်။ သင်သည် သွေးကြောချဲ့သည့် အခန်းရှိ ခုတင်တွင် လှဲလျောင်းနေရမည်ဖြစ်ပြီး နာကျင်မှုကင်းဝေးစေရန် ထုံဆေးပေးမည် ဖြစ်ပါသည်။ ထို့နောက် သေးငယ်သော ပိုက်အား ပေါင်ခြံ (သို့မဟုတ်) လည်ပင်းရှိ သွေးကြောမှတစ်ဆင့် နှလုံးသို့ ထည့်မည်ဖြစ်သည်။ ကုသမှုသည် နာရီ အနည်းငယ်ခန့် ကြာမြင့်နိုင်ပြီး ရံဖန်ရံခါ မအီမသာခံစားရ တတ်ပါသည်။ ကုသပြီးလျှင်လည်း မိမိနှလုံးခုန်သံကို ရက်သတ္တပတ်ခန့်ထိသိရှိနေမည် ဖြစ်သည်။ ကုသမှု အောင်မြင်လျှင် ပုံမှန်ပြန်ဖြစ်သွားမည်ဖြစ်ပြီး နောက်ထပ်နှလုံးခုန် မမှန်ခြင်းများ ထပ်မဖြစ်နိုင်တော့ပေ။\r\n\r\nရေဒီယိုလှိုင်းဖြင့် ကုသပြီးနောက် နှလုံးပုံမှန်ပြန်ဖြစ်သွားမှာလား။\r\nများသောအားဖြင့် ရေဒီယိုလှိုင်းဖြင့်ကုသခြင်း နှလုံးခုန်မမှန်သော ရောဂါများကို ပျောက်ကင်းစေနိုင်ပြီး သောက်ဆေးများ ထပ်သောက်ရန် မလိုအပ်တော့ပါ။ ယခု သင့်နှလုံးအခြေအနေပေါ် မူတည်၍ ရေဒီယိုလှိုငိးဖြင့် ကုသခြင်းသည် အကောင်းဆုံးနည်းလမ်းဖြစ်သည်ဟု သင်၏ဆရာဝန်မှ ဆုံးဖြတ်ပြီး ဖြစ်ပါသည်။ သို့ရာတွင် သတိချပ်ရမည်မှာ ကုသမှုပြီးသော်လည်း သင်၏ရောဂါသည် မုချပျောက်ကင်းမည်ဟူ၍ အာမမခံနိုင်ခြင်းပင် ဖြစ်သည်။\r\n\r\nနှလုံးလျှပ်စီးပတ်လမ်း ဖြတ်တောက်ခြင်းနှင့် ဆက်စပ်သော အန္တရာယ်များရှိပါသလား။\r\nကုသမှုတိုင်းတွင် ၎င်းနှင့် ဆက်စပ်အန္တရာယ်များ ရှိစမြဲဖြစ်သည်။ သင်၏ဆရာဝန်သည် ထိုအချက်များနှင့် ပတ်သက်၍ အသေးစိတ်ရှင်းပြမည်ဖြစ်သည်။ အဖြစ်များသော အန္တရာယ်များမှာ-\r\n\r\n၁။ အပ်ထည့်သောနေရာတွင် သွေးခြေဥခြင်း။\r\n\r\n၂။ သွေးကြော (သို့မဟုတ်) နှလုံးသို့ ထိခိုက်နိုင်ခြင်း။\r\n\r\n၃။ လေဖြတ်တတ်ခြင်း။\r\n\r\n၄။ ဓါတ်ရောင်ခြည်သင့်နိုင်ခြင်း စသည်တို့ ဖြစ်ပါသည်။\r\n\r\nကုသမှုပြီးလျှင် အိမ်ပြန်နိုင်ပါသလား။\r\nကုသမှုပြီးသောအခါ သင်၏နှလုံးအခြေအနေကို စောင့်ကြည့်ရန်အတွက် ဆေးရုံတွင် နေရမည်ဖြစ်သည်။ စိတ်ချရသော အခြေအနေရောက်မှ သင့်ဆရာဝန်မှ အိမ်သို့ ပြန်ခိုင်မည်ဖြစ်သည်။\r\n\r\nကုသမှုပြီး ပြီးချင်း ဆောင်ရန် ရှောင်ရန်များမှာ အဘယ်နည်း။\r\nကုသမှုပြီး ပြီးချင်း ကုတင်ပေါ်တွင် နည်းနည်းမှ မလှုပ်ဘဲ ၂နာရီ မှ ၆နာရီ ကြာအောင် နားနေရမည်။ ထို့နောက် အနည်းငယ်လှုပ်ရှားမှုပြုနိုင်ပြီး ခွဲထားသည့်အနာအား နောက်နေ့မနက်တွင် လာရောက်ဆေးထည့်ပြီး နောက် ရေချိုးနိုင်ပါမည်။ ခွဲစိတ်ထားသည့် လက်/ခြေထောက်မှနာခြင်း၊ ထုံခြင်း၊ ကျဉ်ခြင်း၊သွေးထွက်ခြင်း များရှိပါက ဆရာဝန်/ ဆရာမများအား အကြောင်းကြားပါ။ ခွဲစိတ်ထားသည့် လက်/ခြေထောက်အား ၂၄နာရိ အတွင်း လှုပ်ရှား သိပ်မလုပ်ရန်၊ နှလုံးခုန် မမှန်ခြင်းကို Arrhythmia ဟုခေါ်သည်။ ပုံမှန်မဟုတ်သော နှလုံးခုန်ခြင်းကြောင့် ရင်တုန်ခြင်း၊မောခြင်း၊....\r\n\r\nနှလုံးခုန် မမှန်ခြင်းကို Arrhythmia ဟုခေါ်သည်။ ပုံမှန်မဟုတ်သော နှလုံးခုန်ခြင်းကြောင့် ရင်တုန်ခြင်း၊မောခြင်း၊ရင်ဘတ်အောင့်ခြင်းနှင့် မေ့လဲခြင်း စသည်တို့ ဖြစ်တတ်ပါသည်။\r\n\r\nနှလုံးခုန် မမှန်ခြင်း ဘယ်နှစ်မျိုး ရှိပါသလဲ။\r\nနှလုံးရှိ လျှပ်စီးပတ်လမ်းကြောင်း တစ်နေရာတွင် အပိုလျှပ်စီးကြောင်း ဖြစ်ပေါ်လာရာမှ နေရာပေါ်မူတည်၍ ကွဲပြားသည်။ နှလုံးရှိ အပေါ်သွေးဝင်ခန်းတွင်လည်းကောင်း၊အောက်ရှိ သွေးလွှတ်ခန်းတွင်လည်းကောင်း ဖြစ်နိုင်သည်။နှလုံးလျှက်စီးပတ်လမ်းကို အောက်ပါ ပုံတွင်ကြည့်နိုင်သည်။\r\n\r\nနှလုံးခုန် မမှန်ခြင်းကို မည်သို့ကုသနိုင်ပါသလဲ။\r\nသင့်နှလုံးရှိ အပိုပါသောလျှပ်စီးကြောင်းကြောင့် ဖြစ်ပေါ်လာသော နှလုံးခုန်မမှန်ခြင်းပေါ်မူတည်၍ ဆေးဖြင့် ကုသခြင်းဖြစ်စေ၊ Catheter ablation ဟုခေါ်သော ရေဒီယိုလှိုင်းဖြင့် လျှပ်စီးပတ်လမ်း ဖြတ်တောက် ပေးခြင်းဖြစ်စေ သင့်လျော်သောကုသမှုကို နှလုံးအထူးကု ဆရာဝန်မှ ဆုံးဖြတ်ပေးမည်ဖြစ်သည်။\r\n\r\nရေဒီယိုလှိုင်းဖြင့် လျှပ်စီးပတ်လမ်း ဖြတ်တောက်ပေးခြင်းဆိုတာဘာလဲ။\r\nသေးငယ်၍ ပျော့ပျောင်းသော ပိုက်ကို ပေါင်ခြံ (သို့မဟုတ်) လည်ပင်းမှနေ၍ နှလုံးသို့ရောက်အောင် ထည့်ခြင်းဖြင့် ပြုလုပ်သော နည်းလမ်းဖြစ်သည်။ ပိုက်၏ ထိပ်ဖြင့် မူမမှန်သော နေရာများမှ နှလုံးစည်းချက်များ ကို ရှာဖွေသိရှိနိုင်ခြင်း ကို Electrophysiology Study (EPS) ဟုခေါ်သည်။ လျှပ်စီးပတ်လမ်းကို ဖြတ်တောက်ပေးခြင်းတွင် လျှပ်စီးကြောင်းပွင့်အောင်လုပ်ခြင်းနှင့် အပိုလျှပ်စီးကြောင်းကို ပိတ်ခြင်းဟူ၍ ပြုလုပ်နိုင်ပါသည်။\r\n\r\nရေဒီယိုလှိုင်းဖြင့် လျှပ်စီးပတ်လမ်း ဖြတ်တောက်ပေးခြင်းကို မည်သို့ပြုလုပ်ပါသလဲ။\r\nCardiac Catheterization Lab ဟုခေါ်သော နှလုံးသွေးကြောချဲ့ဌာနတွင် ပြုလုပ်ပါသည်။ သင်သည် သွေးကြောချဲ့သည့် အခန်းရှိ ခုတင်တွင် လှဲလျောင်းနေရမည်ဖြစ်ပြီး နာကျင်မှုကင်းဝေးစေရန် ထုံဆေးပေးမည် ဖြစ်ပါသည်။ ထို့နောက် သေးငယ်သော ပိုက်အား ပေါင်ခြံ (သို့မဟုတ်) လည်ပင်းရှိ သွေးကြောမှတစ်ဆင့် နှလုံးသို့ ထည့်မည်ဖြစ်သည်။ ကုသမှုသည် နာရီ အနည်းငယ်ခန့် ကြာမြင့်နိုင်ပြီး ရံဖန်ရံခါ မအီမသာခံစားရ တတ်ပါသည်။ ကုသပြီးလျှင်လည်း မိမိနှလုံးခုန်သံကို ရက်သတ္တပတ်ခန့်ထိသိရှိနေမည် ဖြစ်သည်။ ကုသမှု အောင်မြင်လျှင် ပုံမှန်ပြန်ဖြစ်သွားမည်ဖြစ်ပြီး နောက်ထပ်နှလုံးခုန် မမှန်ခြင်းများ ထပ်မဖြစ်နိုင်တော့ပေ။\r\n\r\nရေဒီယိုလှိုင်းဖြင့် ကုသပြီးနောက် နှလုံးပုံမှန်ပြန်ဖြစ်သွားမှာလား။\r\nများသောအားဖြင့် ရေဒီယိုလှိုင်းဖြင့်ကုသခြင်း နှလုံးခုန်မမှန်သော ရောဂါများကို ပျောက်ကင်းစေနိုင်ပြီး သောက်ဆေးများ ထပ်သောက်ရန် မလိုအပ်တော့ပါ။ ယခု သင့်နှလုံးအခြေအနေပေါ် မူတည်၍ ရေဒီယိုလှိုငိးဖြင့် ကုသခြင်းသည် အကောင်းဆုံးနည်းလမ်းဖြစ်သည်ဟု သင်၏ဆရာဝန်မှ ဆုံးဖြတ်ပြီး ဖြစ်ပါသည်။ သို့ရာတွင် သတိချပ်ရမည်မှာ ကုသမှုပြီးသော်လည်း သင်၏ရောဂါသည် မုချပျောက်ကင်းမည်ဟူ၍ အာမမခံနိုင်ခြင်းပင် ဖြစ်သည်။\r\n\r\nနှလုံးလျှပ်စီးပတ်လမ်း ဖြတ်တောက်ခြင်းနှင့် ဆက်စပ်သော အန္တရာယ်များရှိပါသလား။\r\nကုသမှုတိုင်းတွင် ၎င်းနှင့် ဆက်စပ်အန္တရာယ်များ ရှိစမြဲဖြစ်သည်။ သင်၏ဆရာဝန်သည် ထိုအချက်များနှင့် ပတ်သက်၍ အသေးစိတ်ရှင်းပြမည်ဖြစ်သည်။ အဖြစ်များသော အန္တရာယ်များမှာ-\r\n\r\n၁။ အပ်ထည့်သောနေရာတွင် သွေးခြေဥခြင်း။\r\n\r\n၂။ သွေးကြော (သို့မဟုတ်) နှလုံးသို့ ထိခိုက်နိုင်ခြင်း။\r\n\r\n၃။ လေဖြတ်တတ်ခြင်း။\r\n\r\n၄။ ဓါတ်ရောင်ခြည်သင့်နိုင်ခြင်း စသည်တို့ ဖြစ်ပါသည်။\r\n\r\nကုသမှုပြီးလျှင် အိမ်ပြန်နိုင်ပါသလား။\r\nကုသမှုပြီးသောအခါ သင်၏နှလုံးအခြေအနေကို စောင့်ကြည့်ရန်အတွက် ဆေးရုံတွင် နေရမည်ဖြစ်သည်။ စိတ်ချရသော အခြေအနေရောက်မှ သင့်ဆရာဝန်မှ အိမ်သို့ ပြန်ခိုင်မည်ဖြစ်သည်။\r\n\r\nကုသမှုပြီး ပြီးချင်း ဆောင်ရန် ရှောင်ရန်များမှာ အဘယ်နည်း။\r\nကုသမှုပြီး ပြီးချင်း ကုတင်ပေါ်တွင် နည်းနည်းမှ မလှုပ်ဘဲ ၂နာရီ မှ ၆နာရီ ကြာအောင် နားနေရမည်။ ထို့နောက် အနည်းငယ်လှုပ်ရှားမှုပြုနိုင်ပြီး ခွဲထားသည့်အနာအား နောက်နေ့မနက်တွင် လာရောက်ဆေးထည့်ပြီး နောက် ရေချိုးနိုင်ပါမည်။ ခွဲစိတ်ထားသည့် လက်/ခြေထောက်မှနာခြင်း၊ ထုံခြင်း၊ ကျဉ်ခြင်း၊သွေးထွက်ခြင်း များရှိပါက ဆရာဝန်/ ဆရာမများအား အကြောင်းကြားပါ။ ခွဲစိတ်ထားသည့် လက်/ခြေထောက်အား ၂၄နာရိ အတွင်း လှုပ်ရှား သိပ်မလုပ်ရန်၊ ၃ရက်အတွင်း အားစိုက်လုပ်ရသော အလေးမခြင်း၊ကားမောင်းခြင်းများ မပြုလုပ်ရန် လိုအပ်ပါသည်။ အိမ်ပြန်ရောက်၍ ခွဲစိတ်ထားသည့် လက်/ခြေထောက်မှနာခြင်း၊ထုံခြင်း၊ကျဉ်ခြင်း၊ သွေးထွက်ခြင်းများရှိပါက ဆေးရုံသို့ပြန်လာပြပါ။ သင်၏ အခြေအနေပေါ်မှုတည်၍ ထပ်မံမှာကြားသည် များကိုလည်း လိုက်နာရန်လိုအပ်ပါသည်။အတွင်း အားစိုက်လုပ်ရသော အလေးမခြင်း၊ကားမောင်းခြင်းများ မပြုလုပ်ရန် လိုအပ်ပါသည်။ အိမ်ပြန်ရောက်၍ ခွဲစိတ်ထားသည့် လက်/ခြေထောက်မှနာခြင်း၊ထုံခြင်း၊ကျဉ်ခြင်း၊ သွေးထွက်ခြင်းများရှိပါက ဆေးရုံသို့ပြန်လာပြပါ။ သင်၏ အခြေအနေပေါ်မှုတည်၍ ထပ်မံမှာကြားသည် များကိုလည်း လိုက်နာရန်လိုအပ်ပါသည်။၃ရက်အတွင်း အားစိုက်လုပ်ရသော အလေးမခြင်း၊ကားမောင်းခြင်းများ မပြုလုပ်ရန် လိုအပ်ပါသည်။ အိမ်ပြန်ရောက်၍ ခွဲစိတ်ထားသည့် လက်/ခြေထောက်မှနာခြင်း၊ထုံခြင်း၊ကျဉ်ခြင်း၊ သွေးထွက်ခြင်းများရှိပါက ဆေးရုံသို့ပြန်လာပြပါ။ သင်၏ အခြေအနေပေါ်မှုတည်၍ ထပ်မံမှာကြားသည် များကိုလည်း လိုက်နာရန်လိုအပ်ပါသည်။', 'apo.jpg'),
(21, 'အဝလွန်ခြင်းဟာရောဂါ တစ်ခုလား?', 'အဝလွန်ခြင်းဟာရောဂါတစ်ခုဖြစ်ပါတယ် ဘာကြောင့်လဲဆိုတော့ ဝခြင်းကိုအခြေခံပြီးတော့ မိမိမှာရှိပြီးသား အရင်းခံနာတာရှည်ရောဂါများ...\r\n.\\n\r\nအဝလွန်ခြင်းကြောင့်နောက်ဆက်တွဲဖြစ်ပေါ်လာနိုင်သော ရောဂါများကိုအောက်တွင်ဖော်ပြထားပါတယ်\r\n.\\n\r\nကနဦးဆီးချို (Pre Diabetes).\\n\r\nအမျိုးအစား ၂ ဆီးချိုသွေးချိုရောဂါ (Type 2 Diabetes).\\n\r\nသွေးတိုးရောဂါ.\\n\r\nသွေးတွင်းကိုလက်စထရောအဆီများခြင်း.\\n\r\nသည်းခြေကျောက် (Gallstones).\\n\r\nဂေါက်ရောဂါ (Gout).\\n\r\nအရိုးအဆစ်ရောင်ခြင်း (Osteoarthritis).\\n\r\nအသည်းအဆီဖုံးခြင်း.\\n\r\nနှလုံးသွေးကြောရောဂါများ.\\n\r\nလေဖြတ်လေငန်းရောဂါ.\\n\r\nကင်ဆာရောဂါ.\\n\r\nအမျိုးသမီးသားဥအိမ်တွင်ရေအိတ်တည်ခြင်း (Polycystic Ovary Syndrome) ကြောင့် ဓမ္မတာမမှန်ခြင်း၊ ကိုယ်ဝန်ရခက်ခဲခြင်း.\\n\r\nအိပ်နေစဉ်အသက်ရှူရပ်သောရောဂါ (Obstructive Sleep Apnea) အစရှိတဲ့ နောက်ဆက်တွဲ ပြဿနာတွေ ဖြစ်လာနိုင်ပါတယ် ။.\\n\r\nအဝလွန်ခြင်းနှင့် ကိုယ်အလေးချိန်လျှော့ချခြင်း၊ အဝလွန်ခြင်းကြောင့် နောက်ဆက်တွဲရောဂါပြသနာများဖြစ်ပွားပြီး မိမိ၏လူနေမှုဘဝအရည်သွေးထိခိုက်လာနိုင်သောကြောင့် ကိုယ်အလေးချိန်ကိုစောစီးစွာစနစ်တကျချသင့်ပါတယ်။', 'fat.jpg'),
(23, 'tyjyrj5yj4tthh445', 'rgrgrgerg', '3533193.png'),
(24, ';,rlkpjogytf7uybjnlk', 'ery;.,l[mkiohgy8tf7dr6tuyjnkml;.', 'apo.jpg');

-- --------------------------------------------------------

--
-- Table structure for table `doctors`
--

CREATE TABLE `doctors` (
  `id` int(11) NOT NULL,
  `image` varchar(255) NOT NULL,
  `name` varchar(255) NOT NULL,
  `age` int(11) NOT NULL,
  `qualification` varchar(255) NOT NULL,
  `specialist_id` int(11) NOT NULL,
  `schedule2_id` int(11) NOT NULL,
  `schedule1_id` int(11) NOT NULL
) ENGINE=InnoDB DEFAULT CHARSET=utf8 COLLATE=utf8_unicode_ci;

--
-- Dumping data for table `doctors`
--

INSERT INTO `doctors` (`id`, `image`, `name`, `age`, `qualification`, `specialist_id`, `schedule2_id`, `schedule1_id`) VALUES
(1, 'man.png', 'Dr.Avatar', 41, 'M.B.,B.S [ Ygn ], M.R.C.P [UK], F.R.C.P [Edin],', 1, 1, 6),
(2, 'Andrew.jpg', 'Dr.Andrew', 41, 'B.Sc. Public Health (Singapore), Dr.P.H. (Epidemiology) (UK)', 9, 2, 5),
(3, 'Chow.jpg', 'Dr.Chow', 35, 'B.Sc. Physician Assistant Studies (USA), C.M.A.S. certified', 3, 3, 4),
(4, 'Edward.webp', 'Dr.Edward', 56, 'M.B.,B.S. (UK), F.R.C.P. (London)', 1, 4, 3),
(5, 'Lisa.jpg', 'Dr.Lisa', 35, 'M.D. (France), Diplôme d\'État de Cardiologie ', 1, 5, 2),
(6, 'Nobara.jpg', 'Dr.Nobara', 36, 'B.Sc. Physician Assistant Studies (USA), C.M.A.S. certified', 4, 6, 1),
(7, 'johan copy.jpg', 'Dr.Johan', 41, 'M.Sc. Public Health (Singapore), Dr.P.H. (Epidemiology) (UK)', 8, 5, 2),
(8, 'Creep.jpg', 'Dr.Creep Antony', 41, 'M.B.,B.S [ Ygn ], M.R.C.P [UK], ', 9, 6, 1),
(9, 'bepo.avif', 'Dr.Louis', 66, 'M.Sc. Public Health (Singapore), Dr.P.H. (Epidemiology) (UK)', 11, 1, 4);

-- --------------------------------------------------------

--
-- Table structure for table `schedules1`
--

CREATE TABLE `schedules1` (
  `id` int(11) NOT NULL,
  `time` varchar(255) NOT NULL
) ENGINE=InnoDB DEFAULT CHARSET=utf8 COLLATE=utf8_unicode_ci;

--
-- Dumping data for table `schedules1`
--

INSERT INTO `schedules1` (`id`, `time`) VALUES
(1, '8:30 to 10:30 Friday'),
(2, '8:30 to 10:30 Tuesday'),
(3, '8:30 to 10:30 Wednesday 12/9/2024'),
(4, '8:30 to 10:30 Thursday'),
(5, '8:30 to 10:30 Friday'),
(6, '8:30 to 10:30 Saturday'),
(7, 'time');

-- --------------------------------------------------------

--
-- Table structure for table `schedules2`
--

CREATE TABLE `schedules2` (
  `id` int(11) NOT NULL,
  `time` varchar(255) NOT NULL
) ENGINE=InnoDB DEFAULT CHARSET=utf8 COLLATE=utf8_unicode_ci;

--
-- Dumping data for table `schedules2`
--

INSERT INTO `schedules2` (`id`, `time`) VALUES
(1, '12:00 to 2:30 Monday'),
(2, '12:00 to 2:30 Tuesday'),
(3, '12:00 to 2:30 Wednesday'),
(4, '12:00 to 2:30 Thursday'),
(5, '12:30 to 2:30 Friday'),
(6, '12:00 to 2:30 Saturday'),
(7, '2024-04-08'),
(8, '2024-04-09'),
(9, '2024-04-12'),
(10, '2024-04-12');

-- --------------------------------------------------------

--
-- Table structure for table `specialists`
--

CREATE TABLE `specialists` (
  `id` int(11) NOT NULL,
  `mya_name` varchar(255) NOT NULL,
  `name` varchar(255) NOT NULL
) ENGINE=InnoDB DEFAULT CHARSET=utf8 COLLATE=utf8_unicode_ci;

--
-- Dumping data for table `specialists`
--

INSERT INTO `specialists` (`id`, `mya_name`, `name`) VALUES
(1, 'နှလုံးအထူးကုဆရာဝန်ကြီးများ', 'Cardiologist'),
(2, 'နှလုံးခွဲစိတ်အထူးကုဆရာဝန်ကြီးများ', 'Cardiac Surgeon'),
(3, 'အဆုပ်နှင့်ရင်ခေါင်းရောဂါအထူးကုဆရာ၀န်ကြီးများ', 'Chest Physian'),
(4, 'အဆုပ်နှင့်ရင်ခေါင်းခွဲစိတ်အထူးကုဆရာဝန်ကြီးများ', 'Chest Surgeon'),
(5, 'အရေပြားအထူးကုဆရာဝန်ကြီးများ', 'Dermatologist'),
(6, 'အရေပြားအထူးကုနှင့်ကာလသားရောဂါအထူးကုဆရာဝန်ကြီးများ', 'Dermatologist & STD'),
(7, 'နား၊နာခေါင်၊လည်ချောင်းအထူးကုဆရာဝန်ကြီးများ', 'Ear,Nose & Throat'),
(8, 'အထွေထွေရောဂါကုဆရာဝန်ကြီးများ', 'General Physician'),
(9, 'ဆီးချိုနှင့်ဟော်မုန်းဆိုင်ရာအထူးကုဆရာဝန်ကြီးများ', 'Gen & Endorcrinologist'),
(10, 'ခွဲစိတ်အထူးကုဆရာဝန်ကြီးများ', 'General Surgeon'),
(11, 'ကလေးအထူးကု', 'Child Specialist');

-- --------------------------------------------------------

--
-- Table structure for table `users`
--

CREATE TABLE `users` (
  `id` int(11) NOT NULL,
  `name` varchar(255) NOT NULL,
  `email` varchar(255) NOT NULL,
  `password` varchar(255) NOT NULL
) ENGINE=InnoDB DEFAULT CHARSET=utf8 COLLATE=utf8_unicode_ci;

--
-- Dumping data for table `users`
--

INSERT INTO `users` (`id`, `name`, `email`, `password`) VALUES
(1, 'Bo Bo', 'bobo@gmail.com', '$2y$10$3sJZi48/KfarIvre2gf1euIgxSJFeeJKJcmcnz5SKoRLwoV8stQF2');

--
-- Indexes for dumped tables
--

--
-- Indexes for table `admins`
--
ALTER TABLE `admins`
  ADD PRIMARY KEY (`id`);

--
-- Indexes for table `appoiments`
--
ALTER TABLE `appoiments`
  ADD PRIMARY KEY (`id`),
  ADD KEY `categoryid` (`specialist_id`),
  ADD KEY `doctorid` (`doctor_id`),
  ADD KEY `userid` (`user_id`);

--
-- Indexes for table `blogs`
--
ALTER TABLE `blogs`
  ADD PRIMARY KEY (`id`);

--
-- Indexes for table `doctors`
--
ALTER TABLE `doctors`
  ADD PRIMARY KEY (`id`),
  ADD KEY `schedule1_id` (`specialist_id`),
  ADD KEY `schedule2_id` (`schedule2_id`),
  ADD KEY `schedu1_id` (`schedule1_id`);

--
-- Indexes for table `schedules1`
--
ALTER TABLE `schedules1`
  ADD PRIMARY KEY (`id`);

--
-- Indexes for table `schedules2`
--
ALTER TABLE `schedules2`
  ADD PRIMARY KEY (`id`);

--
-- Indexes for table `specialists`
--
ALTER TABLE `specialists`
  ADD PRIMARY KEY (`id`);

--
-- Indexes for table `users`
--
ALTER TABLE `users`
  ADD PRIMARY KEY (`id`);

--
-- AUTO_INCREMENT for dumped tables
--

--
-- AUTO_INCREMENT for table `admins`
--
ALTER TABLE `admins`
  MODIFY `id` int(11) NOT NULL AUTO_INCREMENT, AUTO_INCREMENT=4;

--
-- AUTO_INCREMENT for table `appoiments`
--
ALTER TABLE `appoiments`
  MODIFY `id` int(11) NOT NULL AUTO_INCREMENT;

--
-- AUTO_INCREMENT for table `blogs`
--
ALTER TABLE `blogs`
  MODIFY `id` int(11) NOT NULL AUTO_INCREMENT, AUTO_INCREMENT=25;

--
-- AUTO_INCREMENT for table `doctors`
--
ALTER TABLE `doctors`
  MODIFY `id` int(11) NOT NULL AUTO_INCREMENT, AUTO_INCREMENT=10;

--
-- AUTO_INCREMENT for table `schedules1`
--
ALTER TABLE `schedules1`
  MODIFY `id` int(11) NOT NULL AUTO_INCREMENT, AUTO_INCREMENT=8;

--
-- AUTO_INCREMENT for table `schedules2`
--
ALTER TABLE `schedules2`
  MODIFY `id` int(11) NOT NULL AUTO_INCREMENT, AUTO_INCREMENT=11;

--
-- AUTO_INCREMENT for table `specialists`
--
ALTER TABLE `specialists`
  MODIFY `id` int(11) NOT NULL AUTO_INCREMENT, AUTO_INCREMENT=12;

--
-- AUTO_INCREMENT for table `users`
--
ALTER TABLE `users`
  MODIFY `id` int(11) NOT NULL AUTO_INCREMENT, AUTO_INCREMENT=2;

--
-- Constraints for dumped tables
--

--
-- Constraints for table `appoiments`
--
ALTER TABLE `appoiments`
  ADD CONSTRAINT `categoryid` FOREIGN KEY (`specialist_id`) REFERENCES `specialists` (`id`) ON DELETE CASCADE ON UPDATE CASCADE,
  ADD CONSTRAINT `doctorid` FOREIGN KEY (`doctor_id`) REFERENCES `doctors` (`id`) ON DELETE CASCADE ON UPDATE CASCADE,
  ADD CONSTRAINT `userid` FOREIGN KEY (`user_id`) REFERENCES `users` (`id`) ON DELETE CASCADE ON UPDATE CASCADE;

--
-- Constraints for table `doctors`
--
ALTER TABLE `doctors`
  ADD CONSTRAINT `doctors_ibfk_1` FOREIGN KEY (`specialist_id`) REFERENCES `specialists` (`id`),
  ADD CONSTRAINT `schedu1_id` FOREIGN KEY (`schedule1_id`) REFERENCES `schedules1` (`id`),
  ADD CONSTRAINT `schedule2_id` FOREIGN KEY (`schedule2_id`) REFERENCES `schedules2` (`id`) ON DELETE CASCADE ON UPDATE CASCADE;
COMMIT;

/*!40101 SET CHARACTER_SET_CLIENT=@OLD_CHARACTER_SET_CLIENT */;
/*!40101 SET CHARACTER_SET_RESULTS=@OLD_CHARACTER_SET_RESULTS */;
/*!40101 SET COLLATION_CONNECTION=@OLD_COLLATION_CONNECTION */;
